,url_id,tag,fbref_name,key,first_name,second_name,id,full_name,keep
21,d5dd5f1f,Pierre-Emerick-Aubameyang,Pierre-Emerick Emiliano François Aubameyang,0,Pierre-Emerick,Aubameyang,23,Pierre-Emerick Aubameyang,True
984,c691bfe2,Sadio-Mane,Sadio Mané,0,Sadio,Mané,251,Sadio Mané,True
1415,a39bb753,Eden-Hazard,Eden Michael Hazard,0,Eden,Hazard,122,Eden Hazard,True
2240,7a2e46a8,Alisson,Alisson Becker,0,Alisson,Ramses Becker,468,Alisson Ramses Becker,True
2689,5f09991f,Patrick-van-Aanholt,Patrick John Miguel van Aanholt,0,Patrick,van Aanholt,142,Patrick van Aanholt,True
3514,4d034881,Sergio-Aguero,Sergio Leonel Agüero Del Castillo,0,Sergio,Agüero,280,Sergio Agüero,True
3783,eaeca114,Nathan-Ake,Nathan Benjamin Aké,0,Nathan,Aké,31,Nathan Aké,True
4694,b827d5b3,Marc-Albrighton,Marc Kevin Albrighton,0,Marc,Albrighton,224,Marc Albrighton,True
5970,cd1acf9d,Trent-Alexander-Arnold,Trent John Alexander-Arnold,0,Trent,Alexander-Arnold,245,Trent Alexander-Arnold,True
6751,cea4ee8f,Dele-Alli,Bamidele Jermaine Alli,0,Bamidele,Alli,365,Bamidele Alli,True
7323,862a1c15,Miguel-Almiron,Miguel Ángel Almirón Rejala,0,Miguel,Almirón,587,Miguel Almirón,True
7648,f4290206,Marcos-Alonso,Marcos Alonso Mendoza,0,Marcos,Alonso,115,Marcos Alonso,True
8440,1a4ef233,Daniel-Amartey,Daniel Amartey,0,Daniel,Amartey,226,Daniel Amartey,True
9256,77128f7e,Luke-Amos,Luke Amos,0,Luke,Amos,523,Luke Amos,True
9944,9f1893b9,Felipe-Anderson,Felipe Anderson Pereira Gomes,0,Felipe Anderson,Pereira Gomes,465,Felipe Anderson Pereira Gomes,True
10067,dc008610,Florin-Andone,Florin Andone,0,Florin,Andone,66,Florin Andone,True
11183,ac05f970,Michail-Antonio,Michail Gregory Antonio,0,Michail,Antonio,415,Michail Antonio,True
11713,97333cf5,Stuart-Armstrong,Stuart Armstrong,0,Stuart,Armstrong,345,Stuart Armstrong,True
12662,28d596a0,Kepa-Arrizabalaga,Kepa Arrizabalaga Revuelta,0,Kepa,Arrizabalaga,498,Kepa Arrizabalaga,True
13229,2f4c5a52,Harry-Arter,Harry Nicholas Arter,0,Harry,Arter,33,Harry Arter,True
14170,8816329f,Christian-Atsu,Christian Atsu Twasam,0,Christian,Atsu,320,Christian Atsu,True
14858,5c2b4f07,Serge-Aurier,Serge Alain Stephane Aurier,0,Serge,Aurier,360,Serge Aurier,True
15811,da052c14,Jordan-Ayew,Jordan Pierre Ayew,0,Jordan,Ayew,505,Jordan Ayew,True
16483,fd5888a0,Floyd-Ayite,Floyd Ama Ayité,0,Floyd,Ayité,186,Floyd Ayité,True
17006,53cad200,Cesar-Azpilicueta,César Azpilicueta Tanco,0,César,Azpilicueta,113,César Azpilicueta,True
17749,6438d426,Ryan-Babel,Ryan Guno Babel,0,Ryan,Babel,575,Ryan Babel,True
18397,aaf1bf05,Juninho-Bacuna,Juninho Bacuna,0,Juninho,Bacuna,208,Juninho Bacuna,True
18875,9dc69d38,Leandro-Bacuna,Leandro Jones Johan Bacuna,0,Leandro,Bacuna,589,Leandro Bacuna,True
19751,a1232f4e,Eric-Bailly,Eric Bertrand Bailly,0,Eric,Bailly,291,Eric Bailly,True
20188,b18095b6,Leighton-Baines,Leighton John Baines,0,Leighton,Baines,156,Leighton Baines,True
21175,3626f7d9,Fabian-Balbuena,Fabián Balbuena,0,Fabián,Balbuena,464,Fabián Balbuena,True
21287,78e68b4d,Leon-Balogun,Leon-Aderemi Balogun,0,Leon,Balogun,54,Leon Balogun,True
22567,1ae30132,Phil-Bardsley,Phillip Anthony Bardsley,0,Phil,Bardsley,75,Phil Bardsley,True
23260,3a24769f,Ross-Barkley,Ross Barkley,0,Ross,Barkley,127,Ross Barkley,True
23825,2691c772,Ashley-Barnes,Ashley Luke Barnes,0,Ashley,Barnes,85,Ashley Barnes,True
24681,3ea50f67,Harvey-Barnes,Harvey Barnes,0,Harvey,Barnes,571,Harvey Barnes,True
25420,6a189491,Antonio-Barreca,Antonio Barreca,0,Antonio,Barreca,588,Antonio Barreca,True
25798,2973d8ff,Michy-Batshuayi,Michy Batshuayi Tunga,0,Michy,Batshuayi,592,Michy Batshuayi,True
26679,4115ce4e,Jan-Bednarek,Jan Bednarek,0,Jan,Bednarek,335,Jan Bednarek,True
27459,f874dd44,Hector-Bellerin,Héctor Bellerín Moruno,0,Héctor,Bellerín,4,Héctor Bellerín,True
29305,0bad4516,Ryan-Bennett,Ryan Bennett,0,Ryan,Bennett,427,Ryan Bennett,True
29530,ab070c55,Christian-Benteke,Christian Benteke Liolo,0,Christian,Benteke,152,Christian Benteke,True
30822,ab4b3e35,Bernard,Bernard Anício Caldeira Duarte,0,Bernard,Anício Caldeira Duarte,507,Bernard Anício Caldeira Duarte,True
31286,17370b95,Bernardo,Bernardo Fernandes da Silva Junior,0,Bernardo,Fernandes da Silva Junior,440,Bernardo Fernandes da Silva Junior,True
32290,01226327,Ryan-Bertrand,Ryan Dominic Bertrand,0,Ryan,Bertrand,330,Ryan Bertrand,True
32700,0d85a4e8,Marcus-Bettinelli,Marcus Bettinelli,0,Marcus,Bettinelli,178,Marcus Bettinelli,True
33367,d328a254,Philip-Billing,Philip Anyabwu Billing,0,Philip,Billing,202,Philip Billing,True
33783,6c203af0,Yves-Bissouma,Yves Bissouma,0,Yves,Bissouma,466,Yves Bissouma,True
34917,a4ac4b8f,Willy-Boly,Willy Boly,0,Willy,Boly,423,Willy Boly,True
35636,cfd5e123,Gaetan-Bong,Thomas Gaëtan Bong,0,Gaëtan,Bong,51,Gaëtan Bong,True
36225,34ccf6fa,Artur-Boruc,Artur Boruc,0,Artur,Boruc,25,Artur Boruc,True
37975,356a9a62,Miguel-Britos,Miguel Ángel Britos Cabrera,0,Miguel,Britos,379,Miguel Britos,True
38113,dc4cae05,David-Brooks,David Brooks,0,David,Brooks,42,David Brooks,True
38755,78803d03,Bruno,Bruno Saltor Grau,0,Bruno,Saltor Grau,50,Bruno Saltor Grau,True
40020,e608ed4c,David-Button,David Robert Edmund Button,0,David,Button,179,David Button,True
41343,7914b9fe,Gary-Cahill,Gary James Cahill,0,Gary,Cahill,114,Gary Cahill,True
42671,59e6e5bf,Dominic-Calvert-Lewin,Dominic Nathaniel Calvert-Lewin,0,Dominic,Calvert-Lewin,175,Dominic Calvert-Lewin,True
43831,b2d03887,Victor-Camarasa,Víctor Camarasa Ferrando,0,Víctor,Camarasa,504,Víctor Camarasa,True
46169,e28868f3,Jonny-Castro,Jonathan Castro Otto,0,Jonathan,Castro Otto,483,Jonathan Castro Otto,True
46708,89e4b358,Craig-Cathcart,Craig George Cathcart,0,Craig,Cathcart,376,Craig Cathcart,True
47408,979b811d,Ivan-Cavaleiro,Ivan Ricardo Neves Abreu Cavaleiro,0,Ivan,Cavaleiro,434,Ivan Cavaleiro,True
48591,422862ea,Nathaniel-Chalobah,Nathaniel Nyakie Chalobah,0,Nathaniel,Chalobah,387,Nathaniel Chalobah,True
48923,dc6f5bdd,Calum-Chambers,Calum Chambers,0,Calum,Chambers,9,Calum Chambers,True
49618,d2424d1b,Ben-Chilwell,Ben Chilwell,0,Benjamin,Chilwell,219,Benjamin Chilwell,True
50347,2696b6a9,Tahith-Chong,Tahith Chong,0,Tahith,Chong,603,Tahith Chong,True
50876,7d2d3329,Hamza-Choudhury,Hamza Choudhury,0,Hamza,Choudhury,230,Hamza Choudhury,True
51332,1cb49278,Andreas-Christensen,Andreas Bodtker Christensen,0,Andreas,Christensen,119,Andreas Christensen,True
52057,7eb67dad,Cyrus-Christie,Cyrus Sylvester Frederick Christie,0,Cyrus,Christie,460,Cyrus Christie,True
52691,be4fede9,Ibrahima-Cisse,Ibrahima Cissé,0,Ibrahima,Cissé,521,Ibrahima Cissé,True
53473,2b91cf8e,Ciaran-Clark,Ciaran Clark,0,Ciaran,Clark,311,Ciaran Clark,True
54342,0442183b,Nathaniel-Clyne,Nathaniel Edwin Clyne,0,Nathaniel,Clyne,241,Nathaniel Clyne,True
55516,2928dca2,Conor-Coady,Conor David Coady,0,Conor,Coady,430,Conor Coady,True
55848,b73e459a,Joel-Coleman,Joel Coleman,0,Joel,Coleman,598,Joel Coleman,True
56830,2afc7272,Lewis-Cook,Lewis John Cook,0,Lewis,Cook,39,Lewis Cook,True
57443,3e5e4e63,Steve-Cook,Steve Anthony Cook,0,Steve,Cook,27,Steve Cook,True
58142,74e12f1e,Jack-Cork,Jack Frank Porteous Cork,0,Jack,Cork,82,Jack Cork,True
59265,f13d02a6,Helder-Costa,Hélder Wander Sousa de Azevedo e Costa,0,Hélder,Costa,435,Hélder Costa,True
59843,4f974391,Aaron-Cresswell,Aaron William Cresswell,0,Aaron,Cresswell,402,Aaron Cresswell,True
60027,73d9bdc7,Peter-Crouch,Peter James Crouch,0,Peter,Crouch,590,Peter Crouch,True
61562,d9565625,Diogo-Dalot,Diogo Dalot,0,José Diogo,Dalot Teixeira,294,José Diogo Dalot Teixeira,True
62542,074d8166,Loic-Damour,Loïc Damour,0,Loïc,Damour,104,Loïc Damour,True
64028,94b2001f,Danilo,Danilo Luiz da Silva,0,Danilo Luiz,da Silva,266,Danilo Luiz da Silva,True
64462,52105203,Scott-Dann,Scott Dann,0,Scott,Dann,139,Scott Dann,True
65301,96e0490d,Matteo-Darmian,Matteo Darmian,0,Matteo,Darmian,289,Matteo Darmian,True
66022,44781702,Ben-Davies,Benjamin Thomas Davies,0,Ben,Davies,356,Ben Davies,True
66377,9228b07c,Tom-Davies,Tom Davies,0,Tom,Davies,169,Tom Davies,True
67241,cf15bbb1,Steven-Davis,Steven Davis,0,Steven,Davis,337,Steven Davis,True
67779,e46012d4,Kevin-De-Bruyne,Kevin De Bruyne,0,Kevin,De Bruyne,273,Kevin De Bruyne,True
68567,82e34b69,Troy-Deeney,Troy Matthew Deeney,0,Troy,Deeney,396,Troy Deeney,True
68693,f1e8372d,Jermain-Defoe,Jermain Colin Defoe,0,Jermain,Defoe,46,Jermain Defoe,True
69369,73489527,Steven-Defour,Steven Arnold Defour,0,Steven,Defour,77,Steven Defour,True
70271,111c3236,Fabian-Delph,Fabian Delph,0,Fabian,Delph,269,Fabian Delph,True
71020,f7ee69fb,Mousa-Dembele,Mousa Sidi Yaya Dembélé,0,Mousa,Dembélé,362,Mousa Dembélé,True
71755,5a7301ae,Leander-Dendoncker,Leander Dendoncker,0,Leander,Dendoncker,519,Leander Dendoncker,True
72063,aa5859cb,Laurent-Depoitre,Laurent Depoitre,0,Laurent,Depoitre,210,Laurent Depoitre,True
72933,39583cfd,Gerard-Deulofeu,Gerard Deulofeu Lázaro,0,Gerard,Deulofeu,394,Gerard Deulofeu,True
73342,d07e3b41,Fousseni-Diabate,Fousseni Diabaté,0,Fousseni,Diabaté,232,Fousseni Diabaté,True
73939,65585e3a,Adama-Diakhaby,Adama Diakhaby,0,Adama,Diakhaby,471,Adama Diakhaby,True
74697,b7d082af,Mohamed-Diame,Mohamed Diamé,0,Mohamed,Diamé,319,Mohamed Diamé,True
75468,f522d7ec,Grady-Diangana,Grady Diangana,0,Grady,Diangana,539,Grady Diangana,True
76011,ac861941,Eric-Dier,Eric Jeremy Edgar Dier,0,Eric,Dier,361,Eric Dier,True
76372,1b84dbe1,Lucas-Digne,Lucas Digne,0,Lucas,Digne,484,Lucas Digne,True
77322,a712ca2b,Issa-Diop,Issa Diop,0,Issa,Diop,409,Issa Diop,True
77975,d557d734,Matt-Doherty,Matthew James Doherty,0,Matt,Doherty,425,Matt Doherty,True
78546,02b29014,Abdoulaye-Doucoure,Abdoulaye Doucouré,0,Abdoulaye,Doucouré,390,Abdoulaye Doucouré,True
78840,d1c509d9,Luke-Dreher,Luke Dreher,0,Luke,Dreher,618,Luke Dreher,True
79938,7314bba4,Shane-Duffy,Shane Patrick Michael Duffy,0,Shane,Duffy,49,Shane Duffy,True
80809,5ef608f7,Demeaco-Duhaney,Demeaco Duhaney,0,Demeaco,Duhaney,601,Demeaco Duhaney,True
81555,3fe6bd8c,Paul-Dummett,Paul Dummett,0,Paul,Dummett,313,Paul Dummett,True
81809,282f75f3,Lewis-Dunk,Lewis Carl Dunk,0,Lewis,Dunk,48,Lewis Dunk,True
82674,cf623c78,Erik-Durm,Erik Durm,0,Erik,Durm,461,Erik Durm,True
83122,72a0fb65,Bruno-Ecuele-Manga,Bruno Ecuele Manga,0,Bruno,Ecuele Manga,92,Bruno Ecuele Manga,True
83990,3bb7b8b4,Ederson,Ederson Moraes,0,Ederson,Santana de Moraes,260,Ederson Santana de Moraes,True
84520,b9e1436c,Harvey-Elliott,Harvey Daniel James Elliott,0,Harvey,Elliott,610,Harvey Elliott,True
84878,47a34c4f,Mohamed-Elneny,Mohamed Naser Elsayad Elneny,0,Mohamed,Elneny,16,Mohamed Elneny,True
86622,980522ec,Christian-Eriksen,Christian Dannemann Eriksen,0,Christian,Eriksen,364,Christian Eriksen,True
86862,2642bf6c,Neil-Etheridge,Neil Leonard Dula Etheridge,0,Neil,Etheridge,88,Neil Etheridge,True
90122,af245161,Fabricio,Fabricio Agosto Ramírez,0,Fabricio,Agosto Ramírez,474,Fabricio Agosto Ramírez,True
90894,87575fd9,Marouane-Fellaini,Marouane Fellaini-Bakkioui,0,Marouane,Fellaini,298,Marouane Fellaini,True
91643,e5d01ecf,Kiko-Femenia,Francisco Femenía Far,0,Francisco,Femenía Far,383,Francisco Femenía Far,True
92182,f25b010f,Federico-Fernandez,Federico Fernández,0,Federico,Fernández,516,Federico Fernández,True
92738,101da2b5,Fernandinho,Fernando Luiz Rosa,0,Fernando,Luiz Rosa,272,Fernando Luiz Rosa,True
93342,4c370d81,Roberto-Firmino,Roberto Firmino Barbosa de Oliveira,0,Roberto,Firmino,257,Roberto Firmino,True
93991,ed1e53f3,Phil-Foden,Phil Foden,0,Phil,Foden,277,Phil Foden,True
94689,c3e39f12,Fraser-Forster,Fraser Gerard Forster,0,Fraser,Forster,329,Fraser Forster,True
95402,d0b3ceb9,Ben-Foster,Ben Anthony Foster,0,Ben,Foster,445,Ben Foster,True
95744,a9142dc3,Timothy-Fosu-Mensah,Timothy Fosu-Mensah,0,Timothy,Fosu-Mensah,511,Timothy Fosu-Mensah,True
96620,6c7762c3,Juan-Foyth,Juan Foyth,0,Juan,Foyth,549,Juan Foyth,True
96754,1e0b6a73,Simon-Francis,Simon Charles Francis,0,Simon,Francis,26,Simon Francis,True
97391,d56543a0,Ryan-Fraser,Ryan Fraser,0,Ryan,Fraser,40,Ryan Fraser,True
98388,b853e0ad,Fred,Frederico Rodrigues Santos,0,Frederico,Rodrigues de Paula Santos,304,Frederico Rodrigues de Paula Santos,True
99535,a67a09fb,Christian-Fuchs,Christian Fuchs,0,Christian,Fuchs,216,Christian Fuchs,True
100325,8f866fe8,Manolo-Gabbiadini,Manolo Gabbiadini,0,Manolo,Gabbiadini,349,Manolo Gabbiadini,True
100959,44361ade,Sam-Gallagher,Samuel James Gallagher,0,Sam,Gallagher,574,Sam Gallagher,True
101320,72c812f3,Idrissa-Gana-Gueye,Idrissa Gana Gueye,0,Idrissa,Gueye,168,Idrissa Gueye,True
102138,4e015693,James-Garner,James Garner,0,James,Garner,602,James Garner,True
102857,63d17038,Paulo-Gazzaniga,Paulo Dino Gazzaniga,0,Paulo,Gazzaniga,536,Paulo Gazzaniga,True
103358,7ba6d84e,David-de-Gea,David de Gea Quintana,0,David,de Gea,282,David de Gea,True
103924,dc3a9a0d,Rachid-Ghezzal,Rachid Ghezzal,0,Rachid,Ghezzal,492,Rachid Ghezzal,True
104821,32f60ed8,Morgan-Gibbs-White,Morgan Gibbs-White,0,Morgan,Gibbs-White,448,Morgan Gibbs-White,True
104950,bcfb0142,Ben-Gibson,Benjamin James Gibson,0,Ben,Gibson,491,Ben Gibson,True
105634,16ceb862,Olivier-Giroud,Olivier Giroud,0,Olivier,Giroud,133,Olivier Giroud,True
106327,1961b2aa,Andre-Gomes,André Filipe Tavares Gomes,0,André Filipe,Tavares Gomes,508,André Filipe Tavares Gomes,True
107129,645a3363,Angel-Gomes,Angel Gomes,0,Angel,Gomes,568,Angel Gomes,True
107679,7a11550b,Joe-Gomez,Joseph Dave Gomez,0,Joseph,Gomez,242,Joseph Gomez,True
108620,7fec31a0,Dan-Gosling,Daniel Gosling,0,Dan,Gosling,37,Dan Gosling,True
109511,87f7500e,Karlan-Grant,Karlan Laughton Ahearne-Grant,0,Karlan,Grant,585,Karlan Grant,True
110374,c24dba2a,Andre-Gray,Andre Anthony Gray,0,Andre,Gray,395,Andre Gray,True
110775,4468ec10,Demarai-Gray,Demarai Ramelle Gray,0,Demarai,Gray,225,Demarai Gray,True
111500,58eee997,Mason-Greenwood,Mason Greenwood,0,Mason,Greenwood,608,Mason Greenwood,True
111772,8aec0537,Pascal-Gross,Pascal Groß,0,Pascal,Groß,59,Pascal Groß,True
112508,ab13a5aa,Vicente-Guaita,Vicente Guaita Panadero,0,Vicente,Guaita,137,Vicente Guaita,True
114679,e082af5b,Angus-Gunn,Angus Fraser James Gunn,0,Angus,Gunn,452,Angus Gunn,True
114956,e2533c20,Aron-Gunnarsson,Aron Einar Gunnarsson,0,Aron,Gunnarsson,102,Aron Gunnarsson,True
115730,9aa186b2,Florent-Hadergjonaj,Florent Hadergjonaj,0,Florent,Hadergjonaj,197,Florent Hadergjonaj,True
116347,d822a850,Ben-Hamer,Benjamin John Hamer,0,Ben,Hamer,190,Ben Hamer,True
116840,24396398,Kadeem-Harris,Kadeem Raymond Mathurin-Harris,0,Kadeem,Harris,535,Kadeem Harris,True
118381,c951a6df,Isaac-Hayden,Isaac Scot Hayden,0,Isaac,Hayden,323,Isaac Hayden,True
118714,07ace8c3,Rhys-Healey,Rhys Healey,0,Rhys,Healey,573,Rhys Healey,True
120166,935e6b8f,Jordan-Henderson,Jordan Brian Henderson,0,Jordan,Henderson,249,Jordan Henderson,True
120538,989d5705,Jeff-Hendrick,Jeffrey Patrick Hendrick,0,Jeff,Hendrick,78,Jeff Hendrick,True
121242,76eca7e2,Wayne-Hennessey,Wayne Robert Hennessey,0,Wayne,Hennessey,135,Wayne Hennessey,True
122259,189cee7b,Javier-Hernandez,Javier Hernández Balcázar,0,Javier,Hernández Balcázar,419,Javier Hernández Balcázar,True
122719,436a9dd0,Ander-Herrera,Ander Herrera Agüera,0,Ander,Herrera,299,Ander Herrera,True
123736,8a08491a,Gonzalo-Higuain,Gonzalo Gerardo Higuaín,0,Gonzalo,Higuaín,579,Gonzalo Higuaín,True
124648,875898c7,Wesley-Hoedt,Wesley Hoedt,0,Wesley,Hoedt,336,Wesley Hoedt,True
125094,9306d5ea,Jonathan-Hogg,Jonathan Lee Hogg,0,Jonathan,Hogg,201,Jonathan Hogg,True
126053,d79a8c87,Rob-Holding,Rob Holding,0,Rob,Holding,6,Rob Holding,True
127206,12aa7661,Jose-Holebas,José LIoyd Holebas,0,José,Holebas,378,José Holebas,True
127520,d0042ab9,Mason-Holgate,Mason Holgate,0,Mason,Holgate,160,Mason Holgate,True
128096,15f3ec41,Callum-Hudson-Odoi,Callum Hudson-Odoi,0,Callum,Hudson-Odoi,131,Callum Hudson-Odoi,True
129092,a0666d3e,Will-Hughes,William James Hughes,0,Will,Hughes,392,Will Hughes,True
129216,3be1a627,Emerson-Hyndman,Emerson Hyndman,0,Emerson,Hyndman,41,Emerson Hyndman,True
130268,8b04d6c1,Pierre-Hojbjerg,Pierre-Emile Højbjerg,0,Pierre-Emile,Højbjerg,340,Pierre-Emile Højbjerg,True
130461,9f736ed2,Jordon-Ibe,Jordon Femi Ashley Ibe,0,Jordon,Ibe,38,Jordon Ibe,True
131370,ad1ffcfd,Vicente-Iborra,Vicente Iborra de la Fuente,0,Vicente,Iborra,228,Vicente Iborra,True
132002,c92e1a31,Kelechi-Iheanacho,Kelechi Promise Iheanacho,0,Kelechi,Iheanacho,236,Kelechi Iheanacho,True
132925,6ca5ec4b,Alex-Iwobi,Alex Iwobi,0,Alex,Iwobi,15,Alex Iwobi,True
133614,ca2bc3df,Jose-Izquierdo,José Heriberto Izquierdo Mena,0,José Heriberto,Izquierdo Mena,61,José Heriberto Izquierdo Mena,True
134382,3233eefd,Phil-Jagielka,Philip Nikodem Jagielka,0,Phil,Jagielka,158,Phil Jagielka,True
134872,08452314,Alireza-Jahanbakhsh,Alireza Jahanbakhsh Jirandeh,0,Alireza,Jahanbakhsh,476,Alireza Jahanbakhsh,True
135945,45da6694,Daryl-Janmaat,Daryl Janmaat,0,Daryl,Janmaat,381,Daryl Janmaat,True
136560,31dce0c8,Vincent-Janssen,Vincent Petrus Anna Sebastiaan Janssen,0,Vincent,Janssen,614,Vincent Janssen,True
136686,874125a3,Carl-Jenkinson,Carl Daniel Jenkinson,0,Carl,Jenkinson,581,Carl Jenkinson,True
137675,b66315ae,Gabriel-Jesus,Gabriel Fernando de Jesus,0,Gabriel Fernando,de Jesus,281,Gabriel Fernando de Jesus,True
138515,b561db50,Raul-Jimenez,Raúl Alonso Jiménez Rodríguez,0,Raúl,Jiménez,437,Raúl Jiménez,True
138786,a48da055,Stefan-Johansen,Stefan Marius Johansen,0,Stefan,Johansen,185,Stefan Johansen,True
139745,9319781b,Ben-Johnson,Benjamin Johnson,0,Ben,Johnson,605,Ben Johnson,True
140268,4701e130,Tyreke-Johnson,Tyreke Johnson,0,Tyreke,Johnson,562,Tyreke Johnson,True
140801,def899bd,Phil-Jones,Philip Anthony Jones,0,Phil,Jones,285,Phil Jones,True
141204,45db685d,Jorginho,Jorge Luiz Frello Filho,0,Jorge Luiz,Frello Filho,459,Jorge Luiz Frello Filho,True
142878,178ae8f8,Diogo-Jota,Diogo Jota,0,Diogo,Jota,432,Diogo Jota,True
144056,914ab9a1,Christian-Kabasele,Christian Kabasele,0,Christian,Kabasele,380,Christian Kabasele,True
144449,5bddccc9,Elias-Kachunga,Elias Kachunga,0,Elias,Kachunga,212,Elias Kachunga,True
145030,4047c976,Aboubakar-Kamara,Aboubakar Kamara,0,Aboubakar,Kamara,189,Aboubakar Kamara,True
145910,21a66f6a,Harry-Kane,Harry Edward Kane,0,Harry,Kane,372,Harry Kane,True
146187,b9fbae28,NGolo-Kante,N'Golo Kanté,0,N'Golo,Kanté,126,N'Golo Kanté,True
146714,26679cdf,Beram-Kayal,Beram Kayal,0,Beram,Kayal,57,Beram Kayal,True
147490,c5b7c315,Michael-Keane,Michael Vincent Keane,0,Michael,Keane,162,Michael Keane,True
148148,18b999f4,Neeskens-Kebano,Neeskens Kebano,0,Neeskens,Kebano,187,Neeskens Kebano,True
149327,d7492450,Martin-Kelly,Martin Ronald Kelly,0,Martin,Kelly,140,Martin Kelly,True
150210,5eebbfdf,Kenedy,Robert Kenedy Nunes do Nascimento,0,Robert Kenedy,Nunes do Nascimento,458,Robert Kenedy Nunes do Nascimento,True
150609,099e666f,Jonjoe-Kenny,Jonjoe Kenny,0,Jonjoe,Kenny,161,Jonjoe Kenny,True
151630,d0f72bf1,Max-Kilman,Max Kilman,0,Max,Kilman,567,Max Kilman,True
151684,43458538,Joshua-King,Joshua Christian Kojo King,0,Joshua,King,45,Joshua King,True
152328,6c679c6d,Anthony-Knockaert,Anthony Knockaert,0,Anthony,Knockaert,55,Anthony Knockaert,True
153881,d2bff301,Vincent-Kompany,Vincent Jean Mpoy Kompany,0,Vincent,Kompany,263,Vincent Kompany,True
154419,1f9a3a04,Terence-Kongolo,Terence Kongolo,0,Terence,Kongolo,198,Terence Kongolo,True
154754,f5efb153,Laurent-Koscielny,Laurent Koscielny,0,Laurent,Koscielny,3,Laurent Koscielny,True
155580,8d3c902d,Cheikhou-Kouyate,Cheikhou Kouyaté,0,Cheikhou,Kouyaté,412,Cheikhou Kouyaté,True
156917,1931bde9,Rajiv-van-La-Parra,Rajiv van La Parra,0,Rajiv,van La Parra,200,Rajiv van La Parra,True
157268,9dbb75ca,Alexandre-Lacazette,Alexandre Lacazette,0,Alexandre,Lacazette,22,Alexandre Lacazette,True
158231,99813635,Adam-Lallana,Adam David Lallana,0,Adam,Lallana,250,Adam Lallana,True
159005,abe66106,Erik-Lamela,Erik Manuel Lamela,0,Erik,Lamela,363,Erik Lamela,True
159694,26f6dca8,Manuel-Lanzini,Manuel Lanzini,0,Manuel,Lanzini,414,Manuel Lanzini,True
160126,119b9a8e,Aymeric-Laporte,Aymeric Laporte,0,Aymeric,Laporte,268,Aymeric Laporte,True
160802,450ab6fc,Jamaal-Lascelles,Jamaal Lascelles,0,Jamaal,Lascelles,312,Jamaal Lascelles,True
161255,321a71a7,Maxime-Le-Marchand,Maxime Le Marchand,0,Maxime,Le Marchand,455,Maxime Le Marchand,True
162052,6eaed4eb,Florian-Lejeune,Florian Gregoire Claude Lejeune,0,Florian,Lejeune,314,Florian Lejeune,True
162720,2b471f99,Mario-Lemina,Mario Lemina,0,Mario,Lemina,344,Mario Lemina,True
162975,2ff964a0,Aaron-Lennon,Aaron Justin Lennon,0,Aaron,Lennon,83,Aaron Lennon,True
163489,2628fd2b,Bernd-Leno,Bernd Leno,0,Bernd,Leno,2,Bernd Leno,True
164169,9b5ce51a,Jefferson-Lerma,Jefferson Andrés Lerma Solís,0,Jefferson,Lerma,494,Jefferson Lerma,True
164745,99b1d0e6,Stephan-Lichtsteiner,Stephan Lichtsteiner,0,Stephan,Lichtsteiner,11,Stephan Lichtsteiner,True
165768,f5deef4c,Victor-Lindelof,Victor Jörgen Nilsson Lindelöf,0,Victor,Lindelöf,292,Victor Lindelöf,True
166400,810e3c74,Jesse-Lingard,Jesse Ellis Lingard,0,Jesse,Lingard,300,Jesse Lingard,True
167125,82dbf623,Fernando-Llorente,Fernando Javier Llorente Torres,0,Fernando,Llorente,371,Fernando Llorente,True
167729,8f62b6ee,Hugo-Lloris,Hugo Lloris,0,Hugo,Lloris,351,Hugo Lloris,True
167938,6cc47ae1,Jurgen-Locadia,Jürgen Locadia,0,Jürgen,Locadia,65,Jürgen Locadia,True
168657,e97fd090,Ruben-Loftus-Cheek,Ruben Ira Loftus-Cheek,0,Ruben,Loftus-Cheek,132,Ruben Loftus-Cheek,True
169205,5a4280b1,Kevin-Long,Kevin Finbarr Long,0,Kevin,Long,73,Kevin Long,True
170211,9f472354,Shane-Long,Shane Patrick Long,0,Shane,Long,347,Shane Long,True
170808,a2b105e0,Sean-Longstaff,Sean Longstaff,0,Sean,Longstaff,531,Sean Longstaff,True
171210,7c104bb7,Ademola-Lookman,Ademola Lookman,0,Ademola,Lookman,170,Ademola Lookman,True
171884,939bc634,Jonas-Lossl,Jonas Lössl,0,Jonas,Lössl,191,Jonas Lössl,True
172573,1a2935f6,Dejan-Lovren,Dejan Lovren,0,Dejan,Lovren,239,Dejan Lovren,True
173134,c6896eab,Chris-Lowe,Chris Löwe,0,Chris,Löwe,193,Chris Löwe,True
173569,9a9c05db,Matthew-Lowton,Matthew John Lowton,0,Matthew,Lowton,69,Matthew Lowton,True
174257,c0e27d1a,David-Luiz,David Luiz Moreira Marinho,0,David,Luiz Moreira Marinho,116,David Luiz Moreira Marinho,True
175142,5eae500a,Romelu-Lukaku,Romelu Menama Lukaku,0,Romelu,Lukaku,306,Romelu Lukaku,True
175679,ee38d9c5,James-Maddison,James Daniel Maddison,0,James,Maddison,233,James Maddison,True
176115,e3e6502a,Gary-Madine,Gary Lee Madine,0,Gary,Madine,109,Gary Madine,True
176915,d8931174,Harry-Maguire,Jacob Harry Maguire,0,Harry,Maguire,220,Harry Maguire,True
177589,892d5bb1,Riyad-Mahrez,Riyad Mahrez,0,Riyad,Mahrez,223,Riyad Mahrez,True
177858,e3a5814e,Ainsley-Maitland-Niles,Ainsley Cory Maitland-Niles,0,Ainsley,Maitland-Niles,20,Ainsley Maitland-Niles,True
178901,758dd7f0,Javier-Manquillo,Javier Manquillo Gaitán,0,Javier,Manquillo,315,Javier Manquillo,True
179163,bb5fbd2b,Solly-March,Solomon March,0,Solomon,March,58,Solomon March,True
180250,8aa5f52c,Adrian-Mariappa,Adrian Joseph Mariappa,0,Adrian,Mariappa,382,Adrian Mariappa,True
181377,8b788c01,Anthony-Martial,Anthony Martial,0,Anthony,Martial,301,Anthony Martial,True
182126,de0f152c,Adam-Masina,Adam Masina,0,Adam,Masina,386,Adam Masina,True
182779,57df7a11,Arthur-Masuaku,Fuka Arthur Masuaku,0,Arthur,Masuaku,410,Arthur Masuaku,True
183245,29733c72,Juan-Mata,Juan Manuel Mata,0,Juan,Mata,297,Juan Mata,True
184712,00963611,Konstantinos-Mavropanos,Konstantinos Mavropanos,0,Konstantinos,Mavropanos,10,Konstantinos Mavropanos,True
185597,d368feb8,Alfie-Mawson,Alfie Robert John Mawson,0,Alfie,Mawson,487,Alfie Mawson,True
186260,aa1a8c7e,Isaac-Mbenza,Isaac Mbenza,0,Isaac,Mbenza,514,Isaac Mbenza,True
186773,cee31595,James-McArthur,James McArthur,0,James,McArthur,147,James McArthur,True
187664,36c2ca73,Alex-McCarthy,Alex Simon McCarthy,0,Alex,McCarthy,328,Alex McCarthy,True
188054,64b08de7,James-McCarthy,James McCarthy,0,James,McCarthy,166,James McCarthy,True
188704,71a08f97,Kevin-McDonald,Kevin David McDonald,0,Kevin,McDonald,183,Kevin McDonald,True
189192,fc15fb84,Dwight-McNeil,Dwight McNeil,0,Dwight,McNeil,534,Dwight McNeil,True
190115,d93c2511,Scott-McTominay,Scott McTominay,0,Scott,McTominay,303,Scott McTominay,True
190418,8df7a2fb,Ben-Mee,Benjamin Thomas Mee,0,Ben,Mee,70,Ben Mee,True
191082,b4b2f632,Nathaniel-Mendez-Laing,Nathaniel Otis Mendez-Laing,0,Nathaniel,Mendez-Laing,100,Nathaniel Mendez-Laing,True
191949,5271c8f1,Benjamin-Mendy,Benjamin Mendy,0,Benjamin,Mendy,267,Benjamin Mendy,True
192535,1598599e,Nampalys-Mendy,Nampalys Mendy,0,Nampalys,Mendy,527,Nampalys Mendy,True
192874,fed96827,Chris-Mepham,Chris Mepham,0,Chris,Mepham,580,Chris Mepham,True
193650,eba42d2b,Max-Meyer,Maximilian Meyer,0,Max,Meyer,486,Max Meyer,True
195051,2f90f6b8,James-Milner,James Philip Milner,0,James,Milner,254,James Milner,True
195557,6d5701f2,Yerry-Mina,Yerry Fernando Mina Gonzalez,0,Yerry,Mina,506,Yerry Mina,True
195974,8397a50c,Tyrone-Mings,Tyrone Deon Mings,0,Tyrone,Mings,30,Tyrone Mings,True
197200,dd0daf32,Henrikh-Mkhitaryan,Henrikh Hamlet Mkhitaryan,0,Henrikh,Mkhitaryan,18,Henrikh Mkhitaryan,True
198521,5cec2487,Martin-Montoya,Martín Montoya Torralbo,0,Martín,Montoya,503,Martín Montoya,True
199348,47b7e3af,Aaron-Mooy,Aaron Frank Mooy,0,Aaron,Mooy,199,Aaron Mooy,True
199859,129af0db,Alvaro-Morata,Álvaro Borja Morata Martín,0,Álvaro,Morata,134,Álvaro Morata,True
200654,11b9265b,Alberto-Moreno,Alberto Moreno Pérez,0,Alberto,Moreno,240,Alberto Moreno,True
201246,80c31c97,Wes-Morgan,Westley Nathan Morgan,0,Wes,Morgan,215,Wes Morgan,True
201680,09fec029,Sean-Morrison,Sean Joseph Morrison,0,Sean,Morrison,90,Sean Morrison,True
202338,e726e11e,Victor-Moses,Victor Moses,0,Victor,Moses,117,Victor Moses,True
203940,2b622f01,Lucas-Moura,Lucas Rodrigues Moura da Silva,0,Lucas,Rodrigues Moura da Silva,370,Lucas Rodrigues Moura da Silva,True
204099,d9cfca3d,Lys-Mousset,Lys Mousset,0,Lys,Mousset,44,Lys Mousset,True
205739,de112b84,Jacob-Murphy,Jacob Kai Murphy,0,Jacob,Murphy,321,Jacob Murphy,True
206064,b30c7426,Josh-Murphy,Joshua Murphy,0,Josh,Murphy,106,Josh Murphy,True
206623,f2f29dda,Glenn-Murray,Glenn Murray,0,Glenn,Murray,62,Glenn Murray,True
207174,3f2d59fe,Shkodran-Mustafi,Shkodran Mustafi,0,Shkodran,Mustafi,7,Shkodran Mustafi,True
209632,165bed61,Samir-Nasri,Samir Nasri,0,Samir,Nasri,569,Samir Nasri,True
210205,c2846353,Marc-Navarro,Marc Navarro,0,Marc,Navarro,385,Marc Navarro,True
210617,6b47c5db,Wilfred-Ndidi,Onyinye Wilfred Ndidi,0,Wilfred,Ndidi,227,Wilfred Ndidi,True
211519,44bfb6c5,Ruben-Neves,Rúben Diogo da Silva Neves,0,Rúben Diogo,da Silva Neves,433,Rúben Diogo da Silva Neves,True
211685,af721f98,Oumar-Niasse,Baye Oumar Niasse,0,Oumar,Niasse,176,Oumar Niasse,True
212187,a53649b7,Eddie-Nketiah,Edward Nketiah,0,Edward,Nketiah,552,Edward Nketiah,True
213356,ff527768,Mark-Noble,Mark James Noble,0,Mark,Noble,411,Mark Noble,True
213686,6cafd68d,Havard-Nordtveit,Håvard Nordtveit,0,Håvard,Nordtveit,593,Håvard Nordtveit,True
214628,c73ada83,Will-Norris,Will Norris,0,Will,Norris,422,Will Norris,True
215146,caa1a7f0,Michael-Obafemi,Michael Obafemi,0,Michael,Obafemi,550,Michael Obafemi,True
215853,ba1e04b3,Pedro-Obiang,Pedro Mba Obiang Avomo,0,Pedro,Obiang,413,Pedro Obiang,True
216158,f7750aa0,Denis-Odoi,Denis Odoi,0,Denis,Odoi,181,Denis Odoi,True
217092,74b2cd7e,Angelo-Ogbonna,Angelo Obinze Ogbonna,0,Angelo,Ogbonna,403,Angelo Ogbonna,True
217704,601ef102,Stefano-Okaka,Stefano Okaka Chuka,0,Stefano,Okaka,397,Stefano Okaka,True
218770,43a166b4,Divock-Origi,Divock Okoth Origi,0,Divock,Origi,543,Divock Origi,True
219402,0d267745,Nicolas-Otamendi,Nicolás Hernán Otamendi,0,Nicolás,Otamendi,264,Nicolás Otamendi,True
220005,38c7feef,Alex-Oxlade-Chamberlain,Alexander Mark David Oxlade-Chamberlain,0,Alex,Oxlade-Chamberlain,248,Alex Oxlade-Chamberlain,True
220283,16380240,Mesut-Ozil,Mesut Özil,0,Mesut,Özil,13,Mesut Özil,True
221062,e0bc6fdc,Emerson-Palmieri,Emerson Palmieri dos Santos,0,Emerson,Palmieri dos Santos,121,Emerson Palmieri dos Santos,True
222283,d2583bce,Callum-Paterson,Callum Paterson,0,Callum,Paterson,101,Callum Paterson,True
223383,79b0d6a0,Rui-Patricio,Rui Pedro dos Santos Patrício,0,Rui Pedro,dos Santos Patrício,454,Rui Pedro dos Santos Patrício,True
224149,af341b88,Lee-Peltier,Lee Anthony Peltier,0,Lee,Peltier,95,Lee Peltier,True
225063,6639e500,Andreas-Pereira,Andreas Hugo Hoelgebaum Pereira,0,Andreas,Pereira,481,Andreas Pereira,True
225588,75a72a99,Ricardo-Pereira,Ricardo Domingos Barbosa Pereira,0,Ricardo Domingos,Barbosa Pereira,221,Ricardo Domingos Barbosa Pereira,True
226435,75f2c59f,Roberto-Pereyra,Roberto Maximiliano Pereyra,0,Roberto,Pereyra,391,Roberto Pereyra,True
226960,819aa8e7,Ayoze-Perez,Ayoze Pérez Gutiérrez,0,Ayoze,Pérez,326,Ayoze Pérez,True
227722,a300ac7e,Lucas-Perez,Lucas Pérez Martínez,0,Lucas,Pérez,502,Lucas Pérez,True
227978,4806ec67,Jordan-Pickford,Jordan Lee Pickford,0,Jordan,Pickford,154,Jordan Pickford,True
228802,867239d3,Paul-Pogba,Paul Labile Pogba,0,Paul,Pogba,302,Paul Pogba,True
229307,ff9fcd4d,Alex-Pritchard,Alex David Pritchard,0,Alex,Pritchard,206,Alex Pritchard,True
230165,f5e6d08d,Sebastian-Prodl,Sebastian Prödl,0,Sebastian,Prödl,377,Sebastian Prödl,True
231162,fd3f57ce,Jason-Puncheon,Jason David Ian Puncheon,0,Jason,Puncheon,146,Jason Puncheon,True
231806,19b8b0b9,Collin-Quaner,Collin Quaner,0,Collin,Quaner,209,Collin Quaner,True
232684,41fb0f4e,Domingos-Quina,Domingos Quina,0,Domingos,Quina,517,Domingos Quina,True
233388,ef619b0b,Aaron-Ramsey,Aaron James Ramsey,0,Aaron,Ramsey,14,Aaron Ramsey,True
235045,a1d5bd30,Marcus-Rashford,Marcus Rashford,0,Marcus,Rashford,305,Marcus Rashford,True
235501,28b40c9c,Tim-Ream,Timothy Ream,0,Tim,Ream,180,Tim Ream,True
236351,ab651565,Nathan-Redmond,Nathan Daniel Jerome Redmond,0,Nathan,Redmond,343,Nathan Redmond,True
236644,0f7533cd,Bobby-Reid,Bobby Armani Reid,0,Bobby,Reid,110,Bobby Reid,True
237687,1c7012b8,Declan-Rice,Declan Rice,0,Declan,Rice,406,Declan Rice,True
237878,afef14da,Jazz-Richards,Ashley Darel Jazz Richards,0,Ashley Darel Jazz,Richards,96,Ashley Darel Jazz Richards,True
238609,fa031b34,Richarlison,Richarlison,0,Richarlison,de Andrade,393,Richarlison de Andrade,True
239048,d9ba39fc,Diego-Rico,Diego Rico Salguero,0,Diego,Rico,473,Diego Rico,True
239886,5f0241b2,Sergio-Rico,Sergio Rico González,0,Sergio,Rico,509,Sergio Rico,True
240679,71ef519e,Matt-Ritchie,Matthew Thomas Ritchie,0,Matt,Ritchie,317,Matt Ritchie,True
241220,2e4f5f03,Andrew-Robertson,Andrew Robertson,0,Andrew,Robertson,247,Andrew Robertson,True
241891,e0991c04,Marcos-Rojo,Faustino Marcos Alberto Rojo,0,Marcos,Rojo,287,Marcos Rojo,True
242587,4b511457,Oriol-Romeu,Oriol Romeu Vidal,0,Oriol,Romeu Vidal,339,Oriol Romeu Vidal,True
243189,b318a643,Salomon-Rondon,José Salomón Rondón,0,Salomón,Rondón,493,Salomón Rondón,True
245203,da8b19e2,John-Ruddy,John Thomas Gordon Ruddy,0,John,Ruddy,421,John Ruddy,True
245395,18b896d6,Antonio-Rudiger,Antonio Rüdiger,0,Antonio,Rüdiger,118,Antonio Rüdiger,True
245920,4535e4bb,Mathew-Ryan,Mathew David Ryan,0,Mathew,Ryan,47,Mathew Ryan,True
246778,4830e0af,Abdelhamid-Sabiri,Abdelhamid Sabiri,0,Abdelhamid,Sabiri,205,Abdelhamid Sabiri,True
247704,9fbbcf39,Romain-Saiss,Romain Ghannam Saïss,0,Romain,Saïss,426,Romain Saïss,True
247756,bc7dc64d,Bukayo-Saka,Bukayo Ayoyinka T.M. Saka,0,Bukayo,Saka,563,Bukayo Saka,True
248546,87935cf3,Mamadou-Sakho,Mamadou Sakho,0,Mamadou,Sakho,143,Mamadou Sakho,True
249174,381d7d54,Bakary-Sako,Bakary Sako,0,Bakary,Sako,148,Bakary Sako,True
249962,e342ad68,Mohamed-Salah,Mohamed Salah Ghaly,0,Mohamed,Salah,253,Mohamed Salah,True
250635,2c0f8e9e,Alexis-Sanchez,Alexis Alejandro Sánchez Sánchez,0,Alexis,Sánchez,295,Alexis Sánchez,True
251198,50b51fac,Carlos-Sanchez,Carlos Alberto Sánchez Moreno,0,Alberto,Moreno,240,Alberto Moreno,True
251435,50b51fac,Carlos-Sanchez,Carlos Alberto Sánchez Moreno,0,Carlos,Sánchez,518,Carlos Sánchez,True
251977,da7b447d,Davinson-Sanchez,Davinson Sánchez,0,Davinson,Sánchez,359,Davinson Sánchez,True
252485,2b114be3,Leroy-Sane,Leroy Sané,0,Leroy,Sané,275,Leroy Sané,True
253171,c8aa95da,Fabian-Schar,Fabian Lukas Schär,0,Fabian,Schär,482,Fabian Schär,True
253629,8ae9869d,Christopher-Schindler,Christopher Wolfgang Georg August Schindler,0,Christopher,Schindler,192,Christopher Schindler,True
254160,3312f911,Jeffrey-Schlupp,Jeffrey Schlupp,0,Jeffrey,Schlupp,141,Jeffrey Schlupp,True
254908,53af52f3,Kasper-Schmeichel,Kasper Peter Schmeichel,0,Kasper,Schmeichel,213,Kasper Schmeichel,True
255447,51b41c5c,Morgan-Schneiderlin,Morgan Schneiderlin,0,Morgan,Schneiderlin,167,Morgan Schneiderlin,True
256107,ecbb3fdf,Andre-Schurrle,André Horst Schürrle,0,André,Schürrle,478,André Schürrle,True
257019,1770bd68,Ken-Sema,Ken Sema,0,Ken,Sema,446,Ken Sema,True
257969,6aa3e78b,Ryan-Sessegnon,Ryan Sessegnon,0,Ryan,Sessegnon,184,Ryan Sessegnon,True
258703,6421ec64,Xherdan-Shaqiri,Xherdan Shaqiri,0,Xherdan,Shaqiri,462,Xherdan Shaqiri,True
259362,9c94165b,Luke-Shaw,Luke Paul Hoare Shaw,0,Luke,Shaw,286,Luke Shaw,True
260024,3727dd3c,Jonjo-Shelvey,Jonjo Shelvey,0,Jonjo,Shelvey,318,Jonjo Shelvey,True
261165,d6f88a1d,Adrien-Silva,Adrien Sebastian Perruchet Silva,0,Adrien Sebastian,Perruchet Silva,231,Adrien Sebastian Perruchet Silva,True
261846,3eb22ec9,Bernardo-Silva,Bernardo Mota Veiga de Carvalho e Silva,0,Bernardo Mota,Veiga de Carvalho e Silva,276,Bernardo Mota Veiga de Carvalho e Silva,True
262465,e2716bd0,David-Silva,David Josué Jiménez Silva,0,David,Silva,271,David Silva,True
263295,15d561fa,Xande-Silva,Alexandre Nascimento Costa Silva,0,Alexandre Nascimento,Costa Silva,560,Alexandre Nascimento Costa Silva,True
263992,76fa5f80,Jack-Simpson,Jack Benjamin Simpson,0,Jack,Simpson,32,Jack Simpson,True
265054,6d6f09dc,Josh-Sims,Josh Sims,0,Joshua,Sims,342,Joshua Sims,True
265715,2acd49b9,Moussa-Sissoko,Moussa Sissoko,0,Moussa,Sissoko,369,Moussa Sissoko,True
266347,6250083a,Oliver-Skipp,Oliver William Skipp,0,Oliver,Skipp,540,Oliver Skipp,True
266942,059948df,Callum-Slattery,Callum Slattery,0,Callum,Slattery,570,Callum Slattery,True
267472,b6964eb6,Chris-Smalling,Christopher Lloyd Smalling,0,Chris,Smalling,284,Chris Smalling,True
267733,20b104bc,Adam-Smith,Adam James Smith,0,Adam,Smith,29,Adam Smith,True
269529,9f4647e9,Robert-Snodgrass,Robert Mainwaring Snodgrass,0,Robert,Snodgrass,489,Robert Snodgrass,True
270036,839c14e1,Cedric-Soares,Cédric Ricardo Alves Soares,0,Cédric,Soares,332,Cédric Soares,True
270871,e77dc3b2,Dominic-Solanke,Dominic Ayodele Solanke-Mitchell,0,Dominic,Solanke,259,Dominic Solanke,True
271647,46b5375e,Pape-Souare,Pape N'Diaye Souaré,0,Pape,Souaré,443,Pape Souaré,True
273355,6992791d,Junior-Stanislas,Felix Junior Stanislas,0,Junior,Stanislas,36,Junior Stanislas,True
274009,653ee42d,Dale-Stephens,Dale Christopher Stephens,0,Dale,Stephens,56,Dale Stephens,True
275029,6adbc307,Jack-Stephens,Jack Stephens,0,Jack,Stephens,333,Jack Stephens,True
275568,b400bde0,Raheem-Sterling,Raheem Shaquille Sterling,0,Raheem,Sterling,270,Raheem Sterling,True
276184,5eecec3d,John-Stones,John Stones,0,John,Stones,262,John Stones,True
276801,1b7ec703,Daniel-Sturridge,Daniel Andre Sturridge,0,Daniel,Sturridge,472,Daniel Sturridge,True
277087,12c50af5,Denis-Suarez,Denis Suárez Fernández,0,Denis,Suárez,586,Denis Suárez,True
278237,f573a8bf,Isaac-Success,Isaac Success Ajayi,0,Isaac,Success Ajayi,524,Isaac Success Ajayi,True
278970,7d41b619,Andrew-Surman,Andrew Ronald Edward Surman,0,Andrew,Surman,35,Andrew Surman,True
279611,b017b770,Sam-Surridge,Sam Surridge,0,Sam,Surridge,599,Sam Surridge,True
280379,e92cd3f7,Alexander-Sorloth,Alexander Sørloth,0,Alexander,Sørloth,153,Alexander Sørloth,True
281289,e514ab62,Matt-Targett,Matthew Robert Targett,0,Matt,Targett,479,Matt Targett,True
281524,15ea812b,James-Tarkowski,James Alan Tarkowski,0,James,Tarkowski,72,James Tarkowski,True
283018,56f7a928,Youri-Tielemans,Youri Tielemans,0,Youri,Tielemans,591,Youri Tielemans,True
283485,e7ca0439,James-Tomkins,James Oliver Charles Tomkins,0,James,Tomkins,138,James Tomkins,True
283942,52611641,Lucas-Torreira,Lucas Torreira,0,Lucas,Torreira,450,Lucas Torreira,True
284784,9a104dee,Cenk-Tosun,Cenk Tosun,0,Cenk,Tosun,177,Cenk Tosun,True
285367,b28bbd58,Andros-Townsend,Andros Darryl Townsend,0,Andros,Townsend,149,Andros Townsend,True
286410,9a28eba4,Adama-Traore,Adama Traoré Diarra,0,Adama,Traoré,500,Adama Traoré,True
286478,fe558029,Mark-Travers,Mark Travers,0,Mark,Travers,616,Mark Travers,True
287543,21512407,Kieran-Trippier,Kieran John Trippier,0,Kieran,Trippier,357,Kieran Trippier,True
288068,08aa17d0,Antonio-Valencia,Luis Antonio Valencia Mosquera,0,Antonio,Valencia,288,Antonio Valencia,True
288779,531a4aa8,Yan-Valery,Yan Valery,0,Yan,Valery,556,Yan Valery,True
289267,e06683ca,Virgil-van-Dijk,Virgil van Dijk,0,Virgil,van Dijk,246,Virgil van Dijk,True
289872,45963054,Jamie-Vardy,Jamie Richard Vardy,0,Jamie,Vardy,234,Jamie Vardy,True
290661,ba23a904,Jan-Vertonghen,Jan Bert Lieve Vertonghen,0,Jan,Vertonghen,355,Jan Vertonghen,True
291272,1900032e,Jannik-Vestergaard,Jannik Vestergaard,0,Jannik,Vestergaard,463,Jannik Vestergaard,True
291682,2513a588,Luciano-Vietto,Luciano Darío Vietto,0,Luciano,Vietto,513,Luciano Vietto,True
292637,b937e490,Ruben-Vinagre,Rúben Vinagre,0,Rúben Gonçalo,Silva Nascimento Vinagre,431,Rúben Gonçalo Silva Nascimento Vinagre,True
292768,1d6ac165,Sam-Vokes,Samuel Michael Vokes,0,Sam,Vokes,84,Sam Vokes,True
293778,1bebde9d,Michel-Vorm,Michel Armand Vorm,0,Michel,Vorm,352,Michel Vorm,True
294756,1ecb65be,Theo-Walcott,Theo James Walcott,0,Theo,Walcott,164,Theo Walcott,True
295531,86dd77d1,Kyle-Walker,Kyle Andrew Walker,0,Kyle,Walker,265,Kyle Walker,True
296155,984a5a64,Kyle-Walker-Peters,Kyle Walker-Peters,0,Kyle,Walker,265,Kyle Walker,True
296280,984a5a64,Kyle-Walker-Peters,Kyle Walker-Peters,0,Kyle,Walker-Peters,358,Kyle Walker-Peters,True
296596,9e525177,Aaron-Wan-Bissaka,Aaron Wan-Bissaka,0,Aaron,Wan-Bissaka,145,Aaron Wan-Bissaka,True
297536,e0900238,Victor-Wanyama,Victor Mugabe Wanyama,0,Victor,Wanyama,366,Victor Wanyama,True
298477,8a7ff278,Joel-Ward,Joel Edward Philip Ward,0,Joel,Ward,441,Joel Ward,True
298995,3831b9fe,Stephen-Ward,Stephen Robert Ward,0,Stephen,Ward,71,Stephen Ward,True
299994,3515d404,James-Ward-Prowse,James Michael Edward Ward-Prowse,0,James,Ward-Prowse,338,James Ward-Prowse,True
300876,495945ef,Ashley-Westwood,Ashley Roy Westwood,0,Ashley,Westwood,80,Ashley Westwood,True
301600,41cc19c2,Connor-Wickham,Connor Neil Ralph Wickham,0,Connor,Wickham,444,Connor Wickham,True
302377,eb58eef0,Georginio-Wijnaldum,Georginio Gregion Emile Wijnaldum,0,Georginio,Wijnaldum,252,Georginio Wijnaldum,True
305070,2876eaa3,Ben-Wilmot,Ben Wilmot,0,Ben,Wilmot,544,Ben Wilmot,True
305717,9c318325,Jack-Wilshere,Jack Andrew Garry Wilshere,0,Jack,Wilshere,447,Jack Wilshere,True
305810,c596fcb0,Callum-Wilson,Callum Eddie Graham Wilson,0,Callum,Wilson,43,Callum Wilson,True
306898,2f7acede,Harry-Winks,Harry Winks,0,Harry,Winks,368,Harry Winks,True
307123,4e9a0555,Chris-Wood,Christopher Grant Wood,0,Chris,Wood,87,Chris Wood,True
307647,e61b8aee,Granit-Xhaka,Granit Xhaka,0,Granit,Xhaka,17,Granit Xhaka,True
308838,849c826a,Andriy-Yarmolenko,Andriy Mykolaiovich Yarmolenko,0,Andriy,Yarmolenko,453,Andriy Yarmolenko,True
309312,ae0a7ddf,DeAndre-Yedlin,DeAndre Roselle Yedlin,0,DeAndre,Yedlin,310,DeAndre Yedlin,True
310537,be927d03,Ashley-Young,Ashley Simon Young,0,Ashley,Young,293,Ashley Young,True
311318,6813ac34,Pablo-Zabaleta,Pablo Javier Zabaleta Girod,0,Pablo,Zabaleta,405,Pablo Zabaleta,True
311577,b2bc3b1f,Wilfried-Zaha,Dazet Wilfried Armel Zaha,0,Wilfried,Zaha,151,Wilfried Zaha,True
312789,7fe90ccd,Davide-Zappacosta,Davide Zappacosta,0,Davide,Zappacosta,120,Davide Zappacosta,True
314017,5e508d0d,Kenneth-Zohore,Albin Kenneth Dahrup Zohore,0,Kenneth,Zohore,107,Kenneth Zohore,True
314744,ce4246f5,Kurt-Zouma,Kurt Happy Zouma,0,Kurt,Zouma,526,Kurt Zouma,True
