,url_id,tag,fbref_name,key,first_name,second_name,id,full_name,keep
489,1f44ac21,Erling-Haaland,Erling Braut Haaland,0,Erling,Haaland,318,Erling Haaland,True
1252,e46012d4,Kevin-De-Bruyne,Kevin De Bruyne,0,Kevin,De Bruyne,301,Kevin De Bruyne,True
2755,5bc43860,Brenden-Aaronson,Brenden Russell Aaronson,0,Brenden,Aaronson,246,Brenden Aaronson,True
4531,f2bf1b0f,Che-Adams,Che Zach Everton Fred Adams,0,Che,Adams,411,Che Adams,True
5091,2b09d998,Tyler-Adams,Tyler Shaan Adams,0,Tyler,Adams,506,Tyler Adams,True
5777,c81d773d,Tosin-Adarabioyo,Tosin Adarabioyo,0,Tosin,Adarabioyo,209,Tosin Adarabioyo,True
6950,288e1e13,Nayef-Aguerd,Nayef Aguerd,0,Nayef,Aguerd,472,Nayef Aguerd,True
7278,a6c58494,Naouirou-Ahamada,Naouirou Mohamed Ahamada,0,Naouirou,Ahamada,725,Naouirou Ahamada,True
8531,9b398aea,Rayan-Ait-Nouri,Rayan Aït Nouri,0,Rayan,Aït-Nouri,487,Rayan Aït-Nouri,True
8684,a8c0acb7,Kristoffer-Ajer,Kristoffer Vassbakk Ajer,0,Kristoffer,Ajer,84,Kristoffer Ajer,True
9837,89ac64a6,Manuel-Akanji,Manuel Akanji,0,Manuel,Akanji,610,Manuel Akanji,True
10594,eaeca114,Nathan-Ake,Nathan Benjamin Aké,0,Nathan,Aké,308,Nathan Aké,True
11256,b827d5b3,Marc-Albrighton,Marc Kevin Albrighton,0,Marc,Albrighton,251,Marc Albrighton,True
12109,77e84962,Thiago-Alcantara,Thiago Alcántara do Nascimento,0,Thiago,Alcántara do Nascimento,277,Thiago Alcántara do Nascimento,True
13112,4abac767,Carlos-Alcaraz,Carlos Alcaraz,0,Carlos,Alcaraz,693,Carlos Alcaraz,True
13673,cd1acf9d,Trent-Alexander-Arnold,Trent John Alexander-Arnold,0,Trent,Alexander-Arnold,285,Trent Alexander-Arnold,True
14447,7a2e46a8,Alisson,Alisson Becker,0,Alisson,Ramses Becker,281,Alisson Ramses Becker,True
16124,862a1c15,Miguel-Almiron,Miguel Ángel Almirón Rejala,0,Miguel,Almirón Rejala,369,Miguel Almirón Rejala,True
16828,15ab5a2b,Julian-Alvarez,Julián Álvarez,0,Julián,Álvarez,319,Julián Álvarez,True
17486,1a4ef233,Daniel-Amartey,Daniel Amartey,0,Daniel,Amartey,257,Daniel Amartey,True
18925,e34fc66d,Joachim-Andersen,Joachim Andersen,0,Joachim,Andersen,165,Joachim Andersen,True
20023,de31038e,Elliot-Anderson,Elliot Anderson,0,Elliot,Anderson,552,Elliot Anderson,True
20324,e4238fb1,Jaidon-Anthony,Jaidon Anthony,0,Jaidon,Anthony,75,Jaidon Anthony,True
21720,ac05f970,Michail-Antonio,Michail Gregory Antonio,0,Michail,Antonio,458,Michail Antonio,True
22320,99127249,Antony,Antony Matheus dos Santos,0,Antony Matheus,dos Santos,609,Antony Matheus dos Santos,True
22621,05e8ca6d,Cameron-Archer,Cameron Archer,0,Cameron,Archer,54,Cameron Archer,True
24067,2f965a72,Alphonse-Areola,Alphonse Areola,0,Alphonse,Areola,473,Alphonse Areola,True
24773,328f7d51,Joe-Aribo,Joe Aribo,0,Joe,Ayodele-Aribo,512,Joe Ayodele-Aribo,True
25534,68c720b5,Adam-Armstrong,Adam James Armstrong,0,Adam,Armstrong,408,Adam Armstrong,True
26309,97333cf5,Stuart-Armstrong,Stuart Armstrong,0,Stuart,Armstrong,405,Stuart Armstrong,True
26655,28d596a0,Kepa-Arrizabalaga,Kepa Arrizabalaga Revuelta,0,Kepa,Arrizabalaga,133,Kepa Arrizabalaga,True
27456,d5dd5f1f,Pierre-Emerick-Aubameyang,Pierre-Emerick Emiliano François Aubameyang,0,Pierre-Emerick,Aubameyang,617,Pierre-Emerick Aubameyang,True
28071,9fec8860,Ludwig-Augustinsson,Hans Carl Ludwig Augustinsson,0,Ludwig,Augustinsson,525,Ludwig Augustinsson,True
29406,5c2b4f07,Serge-Aurier,Serge Alain Stephane Aurier,0,Serge,Aurier,628,Serge Aurier,True
30166,e5478b87,Taiwo-Awoniyi,Taiwo Awoniyi,0,Taiwo,Awoniyi,397,Taiwo Awoniyi,True
30533,f173303a,Yasin-Ayari,Yasin Abbas Ayari,0,Yasin,Ayari,719,Yasin Ayari,True
31747,5dbefa9d,Andre-Ayew,André Morgan Rami Ayew,0,André,Ayew,734,André Ayew,True
32146,da052c14,Jordan-Ayew,Jordan Pierre Ayew,0,Jordan,Ayew,159,Jordan Ayew,True
33074,420d7c7d,Luke-Ayling,Luke David Ayling,0,Luke,Ayling,222,Luke Ayling,True
33652,53cad200,Cesar-Azpilicueta,César Azpilicueta Tanco,0,César,Azpilicueta,127,César Azpilicueta,True
34464,06df8256,Benoit-Badiashile,Benoît Badiashile Mukinayi,0,Benoît,Badiashile,689,Benoît Badiashile,True
35061,3a233281,Leon-Bailey,Leon Bailey,0,Leon,Bailey,45,Leon Bailey,True
36254,32e8417f,Stefan-Bajcetic,Stefan Bajcetic,0,Stefan,Bajcetic,564,Stefan Bajcetic,True
37235,ed8d597c,Dominic-Ballard,Dominic Ballard,0,Dominic,Ballard,770,Dominic Ballard,True
37747,93feac6e,Patrick-Bamford,Patrick James Bamford,0,Patrick,Bamford,227,Patrick Bamford,True
38258,2886c9b5,Shandon-Baptiste,Shandon Harkeem Baptiste,0,Shandon,Baptiste,94,Shandon Baptiste,True
39277,3ea50f67,Harvey-Barnes,Harvey Barnes,0,Harvey,Barnes,264,Harvey Barnes,True
40330,c91441dc,Gavin-Bazunu,Gavin Bazunu,0,Gavin,Bazunu,422,Gavin Bazunu,True
40589,30db8574,Mads-Bech-Sorensen,Mads Bech Sørensen,0,Mads,Bech Sørensen,91,Mads Bech Sørensen,True
41874,4115ce4e,Jan-Bednarek,Jan Bednarek,0,Jan,Bednarek,410,Jan Bednarek,True
42529,50dc94ce,Donny-van-de-Beek,Donny van de Beek,0,Donny,van de Beek,336,Donny van de Beek,True
43069,7b4de647,Asmir-Begovic,Asmir Begović,0,Asmir,Begović,176,Asmir Begović,True
44221,a39d11bc,Armel-Bella-Kotchap,Armel Bella Kotchap,0,Armel,Bella-Kotchap,423,Armel Bella-Kotchap,True
45065,5a04fd92,Said-Benrahma,Saïd Benrahma,0,Saïd,Benrahma,464,Saïd Benrahma,True
45810,3b8674e6,Rodrigo-Bentancur,Rodrigo Bentancur Colmán,0,Rodrigo,Bentancur,440,Rodrigo Bentancur,True
46678,68db6358,Daniel-Bentley,Daniel Ian Bentley,0,Daniel,Bentley,717,Daniel Bentley,True
47073,505486d6,Victor-Bernth-Kristiansen,Victor Bernth Kristiansen,0,Victor,Kristiansen,709,Victor Kristiansen,True
47565,87966294,Owen-Bevan,Owen Bevan,0,Owen,Bevan,598,Owen Bevan,True
48840,de40e38c,Giulian-Biancone,Giulian Biancone,0,Giulian,Biancone,399,Giulian Biancone,True
49105,d328a254,Philip-Billing,Philip Anyabwu Billing,0,Philip,Billing,70,Philip Billing,True
50482,6c203af0,Yves-Bissouma,Yves Bissouma,0,Yves,Bissouma,444,Yves Bissouma,True
51175,a4ac4b8f,Willy-Boly,Willy Boly,0,Willy,Boly,474,Willy Boly,True
51920,ccce7025,Sven-Botman,Sven Botman,0,Sven,Botman,377,Sven Botman,True
52846,79c84d1c,Jarrod-Bowen,Jarrod Bowen,0,Jarrod,Bowen,465,Jarrod Bowen,True
53569,c07b7c5c,James-Bree,James Patrick Bree,0,James,Bree,716,James Bree,True
53901,97220da2,Armando-Broja,Armando Broja,0,Armando,Broja,150,Armando Broja,True
54541,dc4cae05,David-Brooks,David Brooks,0,David,Brooks,60,David Brooks,True
55623,a2081c6b,Lewis-Brunt,Lewis Brunt,0,Lewis,Brunt,273,Lewis Brunt,True
56064,66b76d44,Emi-Buendia,Emiliano Buendía Stati,0,Emiliano,Buendía Stati,42,Emiliano Buendía Stati,True
57555,bfc3b3a0,Hugo-Bueno,Hugo Bueno,0,Hugo,Bueno López,558,Hugo Bueno López,True
57762,468a7a91,Facundo-Buonanotte,Facundo Valentín Buonanotte,0,Facundo,Buonanotte,679,Facundo Buonanotte,True
58903,b2d31e83,Dan-Burn,Daniel Johnson Burn,0,Dan,Burn,358,Dan Burn,True
60078,16264a81,Moises-Caicedo,Moisés Isaac Caicedo Corozo,0,Moisés,Caicedo Corozo,120,Moisés Caicedo Corozo,True
62534,59e6e5bf,Dominic-Calvert-Lewin,Dominic Nathaniel Calvert-Lewin,0,Dominic,Calvert-Lewin,191,Dominic Calvert-Lewin,True
63782,6f711f67,Chem-Campbell,Chem Campbell,0,Chem,Campbell,568,Chem Campbell,True
64274,bd6351cd,Joao-Cancelo,João Pedro Cavaco Cancelo,0,João,Cancelo,306,João Cancelo,True
64887,4506aec5,Thomas-Cannon,Thomas Cannon,0,Thomas,Cannon,662,Thomas Cannon,True
65476,1137759d,Sergi-Canos,Sergi Canós Tenés,0,Sergi,Canós Tenés,82,Sergi Canós Tenés,True
66185,b4a014b1,Diego-Carlos,Diego Carlos Santos Silva,0,Diego Carlos,Santos Silva,50,Diego Carlos Santos Silva,True
68221,4d224fe8,Casemiro,Carlos Henrique Casimiro,0,Carlos Henrique,Casimiro,593,Carlos Henrique Casimiro,True
68513,2389cdc2,Matty-Cash,Matty Cash,0,Matty,Cash,43,Matty Cash,True
69613,197640fd,Timothy-Castagne,Timothy Castagne,0,Timothy,Castagne,258,Timothy Castagne,True
70762,e28868f3,Jonny-Castro,Jonathan Castro Otto,0,Jonathan,Castro Otto,477,Jonathan Castro Otto,True
70975,9cfbad36,Julio-Cesar-Enciso,Julio César Enciso Espínola,0,Julio,Enciso,125,Julio Enciso,True
71901,422862ea,Nathaniel-Chalobah,Nathaniel Nyakie Chalobah,0,Nathaniel,Chalobah,203,Nathaniel Chalobah,True
72565,5515376c,Trevoh-Chalobah,Trevoh Chalobah,0,Trevoh,Chalobah,141,Trevoh Chalobah,True
73170,dc6f5bdd,Calum-Chambers,Calum Chambers,0,Calum,Chambers,32,Calum Chambers,True
74897,d2424d1b,Ben-Chilwell,Ben Chilwell,0,Ben,Chilwell,139,Ben Chilwell,True
75556,26ce2263,Ryan-Christie,Ryan Christie,0,Ryan,Christie,69,Ryan Christie,True
76440,b2f9c73e,Carney-Chukwuemeka,Carney Chibueze Chukwuemeka,0,Carney,Chukwuemeka,48,Carney Chukwuemeka,True
77489,73341ace,Bobby-Clark,Bobby Clark,0,Bobby,Clark,584,Bobby Clark,True
78046,0442183b,Nathaniel-Clyne,Nathaniel Edwin Clyne,0,Nathaniel,Clyne,157,Nathaniel Clyne,True
78880,2928dca2,Conor-Coady,Conor David Coady,0,Conor,Coady,475,Conor Coady,True
79942,963a9201,Jack-Colback,Jack Raymond Colback,0,Jack,Colback,381,Jack Colback,True
81671,a8c19eb8,Nathan-Collins,Nathan Michael Collins,0,Nathan,Collins,516,Nathan Collins,True
81873,700783e7,Levi-Colwill,Levi Colwill,0,Levi,Colwill,559,Levi Colwill,True
82556,2afc7272,Lewis-Cook,Lewis John Cook,0,Lewis,Cook,67,Lewis Cook,True
83830,3e5e4e63,Steve-Cook,Steve Anthony Cook,0,Steve,Cook,379,Steve Cook,True
84421,dc64b8b3,Liam-Cooper,Liam David Ian Cooper,0,Liam,Cooper,221,Liam Cooper,True
85535,beb391dd,Maxwel-Cornet,Gnaly Maxwell Cornet,0,Maxwel,Cornet,575,Maxwel Cornet,True
87172,0ef89a37,Philippe-Coutinho,Philippe Coutinho Correia,0,Philippe,Coutinho Correia,29,Philippe Coutinho Correia,True
88645,a5ca9127,Conor-Coventry,Conor Coventry,0,Conor,Coventry,556,Conor Coventry,True
89400,bc914523,Matthew-Craig,Matthew George Craig,0,Matthew,Craig,764,Matthew Craig,True
90183,4f974391,Aaron-Cresswell,Aaron William Cresswell,0,Aaron,Cresswell,457,Aaron Cresswell,True
90445,1daec722,Marc-Cucurella,Marc Cucurella,0,Marc,Cucurella Saseta,112,Marc Cucurella Saseta,True
91799,dc62b55d,Matheus-Cunha,Matheus Cunha,0,Matheus,Santos Carneiro Da Cunha,682,Matheus Santos Carneiro Da Cunha,True
92188,ca45605e,Patson-Daka,Patson Daka,0,Patson,Daka,271,Patson Daka,True
93105,d9565625,Diogo-Dalot,Diogo Dalot,0,Diogo,Dalot Teixeira,342,Diogo Dalot Teixeira,True
93509,215f3907,Mikkel-Damsgaard,Mikkel Damsgaard,0,Mikkel,Damsgaard,580,Mikkel Damsgaard,True
94762,a816dbfb,Danilo,Danilo,0,Danilo,dos Santos de Oliveira,703,Danilo dos Santos de Oliveira,True
95620,f08490a6,Arnaut-Danjuma,Arnaut Danjuma Groeneveld,0,Arnaut,Danjuma,713,Arnaut Danjuma,True
95819,60344e4f,Josh-Dasilva,Pelenda Joshua Tunga Dasilva,0,Josh,Dasilva,83,Josh Dasilva,True
96703,e82900ef,David-Datro-Fofana,Datro David Fofana,0,David Datro,Fofana,684,David Datro Fofana,True
97712,44781702,Ben-Davies,Benjamin Thomas Davies,0,Ben,Davies,499,Ben Davies,True
97928,44781702,Ben-Davies,Benjamin Thomas Davies,0,Ben,Davies,432,Ben Davies,True
98321,9228b07c,Tom-Davies,Tom Davies,0,Tom,Davies,190,Tom Davies,True
99546,3e9e06cb,Craig-Dawson,Craig Dawson,0,Craig,Dawson,459,Craig Dawson,True
99679,11f54bd5,Siriki-Dembele,Siriki Dembélé,0,Siriki,Dembélé,74,Siriki Dembélé,True
100424,5a7301ae,Leander-Dendoncker,Leander Dendoncker,0,Leander,Dendoncker,479,Leander Dendoncker,True
101757,2c44a35d,Emmanuel-Dennis,Emmanuel Bonaventure Dennis,0,Emmanuel,Dennis,585,Emmanuel Dennis,True
102066,9d8cf204,Halil-Dervisoglu,Halil İbrahim Dervişoğlu,0,Halil,Dervişoğlu,541,Halil Dervişoğlu,True
103075,5c74c0f5,Kiernan-Dewsbury-Hall,Kiernan Dewsbury-Hall,0,Kiernan,Dewsbury-Hall,266,Kiernan Dewsbury-Hall,True
104120,11ff3d56,Ibrahima-Diallo,Ibrahima Diallo,0,Ibrahima,Diallo,416,Ibrahima Diallo,True
104736,31c69ef1,Ruben-Dias,Rúben dos Santos Gato Alves Dias,0,Rúben,Gato Alves Dias,312,Rúben Gato Alves Dias,True
105485,4a1a9578,Luis-Diaz,Luis Fernando Díaz Marulanda,0,Luis,Díaz,293,Luis Díaz,True
106484,ac861941,Eric-Dier,Eric Jeremy Edgar Dier,0,Eric,Dier,430,Eric Dier,True
106625,1b84dbe1,Lucas-Digne,Lucas Digne,0,Lucas,Digne,33,Lucas Digne,True
107709,a712ca2b,Issa-Diop,Issa Diop,0,Issa,Diop,470,Issa Diop,True
108790,254147d4,Moussa-Djenepo,Moussa Djenepo,0,Moussa,Djenepo,418,Moussa Djenepo,True
109390,733f1a7d,Ben-Doak,Ben Doak,0,Ben,Doak,665,Ben Doak,True
110373,d557d734,Matt-Doherty,Matthew James Doherty,0,Matt,Doherty,429,Matt Doherty,True
110489,67ac5bb8,Gabriel-Dos-Santos,Gabriel dos Santos Magalhães,0,Gabriel,dos Santos Magalhães,16,Gabriel dos Santos Magalhães,True
111542,02b29014,Abdoulaye-Doucoure,Abdoulaye Doucouré,0,Abdoulaye,Doucouré,185,Abdoulaye Doucouré,True
112298,ce4f40c7,Cheick-Doucoure,Cheick Doucouré,0,Cheick,Doucouré,514,Cheick Doucouré,True
113538,69fdb896,Flynn-Downes,Flynn Downes,0,Flynn,Downes,509,Flynn Downes,True
114791,e0d1510a,Cody-Drameh,Cody Callum Pierre Drameh,0,Cody,Drameh,547,Cody Drameh,True
116243,7314bba4,Shane-Duffy,Shane Patrick Michael Duffy,0,Shane,Duffy,105,Shane Duffy,True
116861,282f75f3,Lewis-Dunk,Lewis Carl Dunk,0,Lewis,Dunk,106,Lewis Dunk,True
117549,414184f7,Jhon-Duran,Jhon Jáder Durán Palacio,0,Jhon,Durán,711,Jhon Durán,True
118517,fa9fa773,Malcolm-Ebiowei,Malcolm Ebiowei,0,Malcolm,Ebiowei,173,Malcolm Ebiowei,True
119513,3bb7b8b4,Ederson,Ederson Moraes,0,Ederson,Santana de Moraes,307,Ederson Santana de Moraes,True
121249,007414dd,Samuel-Edozie,Samuel Edozie,0,Samuel,Edozie,624,Samuel Edozie,True
121893,2fba6108,Anthony-Elanga,Anthony Elanga,0,Anthony,Elanga,344,Anthony Elanga,True
122489,b9e1436c,Harvey-Elliott,Harvey Daniel James Elliott,0,Daniel,James,231,Daniel James,True
122602,b9e1436c,Harvey-Elliott,Harvey Daniel James Elliott,0,Harvey,Elliott,294,Harvey Elliott,True
122925,47a34c4f,Mohamed-Elneny,Mohamed Naser Elsayad Elneny,0,Mohamed,Elneny,4,Mohamed Elneny,True
125171,df8b52a5,Emerson,Emerson Aparecido Leite de Souza Junior,0,Emerson,Leite de Souza Junior,445,Emerson Leite de Souza Junior,True
125788,980522ec,Christian-Eriksen,Christian Dannemann Eriksen,0,Christian,Eriksen,519,Christian Eriksen,True
126220,d38fdf53,Pervis-Estupinan,Pervis Josué Estupiñán Tenorio,0,Pervis,Estupiñán,586,Pervis Estupiñán,True
127849,ae4fc6a4,Eberechi-Eze,Eberechi Eze,0,Eberechi,Eze,169,Eberechi Eze,True
130315,9c221d14,Wout-Faes,Wout Faes,0,Wout,Faes,612,Wout Faes,True
131330,51a3c4c8,Felipe,Felipe Augusto de Almeida Monteiro,0,Felipe Augusto,de Almeida Monteiro,730,Felipe Augusto de Almeida Monteiro,True
131715,8aafd64f,Joao-Felix,João Félix,0,João,Félix Sequeira,690,João Félix Sequeira,True
132445,4596da74,Evan-Ferguson,Evan Ferguson,0,Evan,Ferguson,596,Evan Ferguson,True
133552,507c7bdf,Bruno-Fernandes,Bruno Miguel Borges Fernandes,0,Bruno,Borges Fernandes,333,Bruno Borges Fernandes,True
134053,5ff4ab71,Enzo-Fernandez,Enzo Jeremías Fernández,0,Enzo,Fernández,724,Enzo Fernández,True
135035,4c370d81,Roberto-Firmino,Roberto Firmino Barbosa de Oliveira,0,Roberto,Firmino,279,Roberto Firmino,True
136635,ed1e53f3,Phil-Foden,Phil Foden,0,Phil,Foden,314,Phil Foden,True
137149,132a82f1,Wesley-Fofana,Wesley Fofana,0,Wesley,Fofana,272,Wesley Fofana,True
138430,82927de4,Pablo-Fornals,Pablo Fornals,0,Pablo,Fornals Malla,469,Pablo Fornals Malla,True
138884,9f1938ab,Adam-Forshaw,Adam John Forshaw,0,Adam,Forshaw,224,Adam Forshaw,True
139934,c3e39f12,Fraser-Forster,Fraser Gerard Forster,0,Fraser,Forster,426,Fraser Forster,True
140386,6722d4f0,Tyrese-Francois,Tyrese Francois,0,Tyrese,Francois,521,Tyrese Francois,True
141372,d56543a0,Ryan-Fraser,Ryan Fraser,0,Ryan,Fraser,359,Ryan Fraser,True
142108,b853e0ad,Fred,Frederico Rodrigues Santos,0,Frederico,Rodrigues de Paula Santos,331,Frederico Rodrigues de Paula Santos,True
143767,98d2c2c4,Remo-Freuler,Remo Freuler,0,Remo,Freuler,582,Remo Freuler,True
144401,1971591f,Cody-Gakpo,Cody Mathès Gakpo,0,Cody,Gakpo,680,Cody Gakpo,True
144926,c2731c10,Conor-Gallagher,Conor Gallagher,0,Conor,Gallagher,148,Conor Gallagher,True
145796,72c812f3,Idrissa-Gana-Gueye,Idrissa Gana Gueye,0,Idrissa,Gueye,611,Idrissa Gueye,True
146798,7aa8adfe,Alejandro-Garnacho,Alejandro Garnacho Ferreira,0,Alejandro,Garnacho,569,Alejandro Garnacho,True
147349,4e015693,James-Garner,James Garner,0,James,Garner,570,James Garner,True
148237,01962d0d,Joe-Gelhardt,Joe Gelhardt,0,Joe,Gelhardt,242,Joe Gelhardt,True
148727,f7b1d4e0,Saman-Ghoddos,Saman Ghoddos,0,Saman,Ghoddos,87,Saman Ghoddos,True
149982,32f60ed8,Morgan-Gibbs-White,Morgan Gibbs-White,0,Morgan,Gibbs-White,493,Morgan Gibbs-White,True
150857,7b5ab7f2,Bryan-Gil,Bryan Gil Salvatierra,0,Bryan,Gil Salvatierra,554,Bryan Gil Salvatierra,True
151111,df10e27c,Billy-Gilmour,Billy Gilmour,0,Billy,Gilmour,149,Billy Gilmour,True
152138,75fdd638,Degnand-Gnonto,Degnand Wilfried Gnonto,0,Wilfried,Gnonto,619,Wilfried Gnonto,True
152784,9f7c837d,Ben-Godfrey,Benjamin Matthew Godfrey,0,Ben,Godfrey,193,Ben Godfrey,True
154043,8b57ad2c,Joao-Gomes,João Victor Gomes da Silva,0,João Victor,Gomes da Silva,721,João Victor Gomes da Silva,True
154797,f0caab96,Toti-Gomes,Toti António Gomes,0,Toti António,Gomes,489,Toti António Gomes,True
155270,7a11550b,Joe-Gomez,Joseph Dave Gomez,0,Joseph,Gomez,286,Joseph Gomez,True
156098,01e5f06e,Sergio-Gomez,Sergio Gómez Martín,0,Sergio,Gómez,587,Sergio Gómez,True
156923,2bd83368,Anthony-Gordon,Anthony Gordon,0,Anthony,Gordon,195,Anthony Gordon,True
157448,4468ec10,Demarai-Gray,Demarai Ramelle Gray,0,Demarai,Gray,189,Demarai Gray,True
158411,b0b4fd3e,Jack-Grealish,Jack Grealish,0,Jack,Grealish,305,Jack Grealish,True
159124,f3354c07,Sam-Greenwood,Sam Greenwood,0,Sam,Greenwood,237,Sam Greenwood,True
159650,8aec0537,Pascal-Gross,Pascal Groß,0,Pascal,Groß,104,Pascal Groß,True
160509,ab13a5aa,Vicente-Guaita,Vicente Guaita Panadero,0,Vicente,Guaita,152,Vicente Guaita,True
161811,e6bc67d7,Goncalo-Guedes,Gonçalo Manuel Ganchinho Guedes,0,Gonçalo Manuel,Ganchinho Guedes,579,Gonçalo Manuel Ganchinho Guedes,True
162079,d0706b27,Marc-Guehi,Marc Guéhi,0,Marc,Guéhi,167,Marc Guéhi,True
163171,82518f62,Bruno-Guimaraes,Bruno Guimarães Rodriguez Moura,0,Bruno,Guimarães Rodriguez Moura,374,Bruno Guimarães Rodriguez Moura,True
164580,56d838f7,Darko-Gyabi,Darko Gyabi,0,Darko,Gyabi,247,Darko Gyabi,True
165165,da011f18,Lewis-Hall,Lewis Hall,0,Lewis,Hall,661,Lewis Hall,True
166062,8c3078cd,Luke-Harris,Luke Bernard Harris,0,Luke,Harris,546,Luke Harris,True
166900,aa849a12,Jack-Harrison,Jack Harrison,0,Jack,Harrison,233,Jack Harrison,True
167485,fed7cb61,Kai-Havertz,Kai Havertz,0,Kai,Havertz,145,Kai Havertz,True
168230,4fd08daa,Jan-Paul-van-Hecke,Jan Paul van Hecke,0,Jan Paul,van Hecke,544,Jan Paul van Hecke,True
170207,e5a76dfe,Dean-Henderson,Dean Henderson,0,Dean,Henderson,398,Dean Henderson,True
170819,935e6b8f,Jordan-Henderson,Jordan Brian Henderson,0,Jordan,Henderson,275,Jordan Henderson,True
171769,76eca7e2,Wayne-Hennessey,Wayne Robert Hennessey,0,Wayne,Hennessey,518,Wayne Hennessey,True
172065,8a3c1dc7,Rico-Henry,Rico Henry,0,Rico,Henry,85,Rico Henry,True
173637,1780bb4a,Aaron-Hickey,Aaron Hickey,0,Aaron,Hickey,510,Aaron Hickey,True
174461,e98211e7,Jack-Hinshelwood,Jack Hinshelwood,0,Jack,Hinshelwood,677,Jack Hinshelwood,True
175812,bd8a5d95,Joseph-Hodge,Joseph Hodge,0,Joseph,Hodge,566,Joseph Hodge,True
175830,d79a8c87,Rob-Holding,Rob Holding,0,Rob,Holding,5,Rob Holding,True
176901,d0042ab9,Mason-Holgate,Mason Holgate,0,Mason,Holgate,192,Mason Holgate,True
177635,a0666d3e,Will-Hughes,William James Hughes,0,Will,Hughes,163,Will Hughes,True
178390,bd9553e6,Omari-Hutchinson,Omari Hutchinson,0,Omari,Hutchinson,653,Omari Hutchinson,True
179619,8b04d6c1,Pierre-Hojbjerg,Pierre-Emile Højbjerg,0,Pierre-Emile,Højbjerg,433,Pierre-Emile Højbjerg,True
180093,c92e1a31,Kelechi-Iheanacho,Kelechi Promise Iheanacho,0,Kelechi,Iheanacho,262,Kelechi Iheanacho,True
181849,8e92be30,Alexander-Isak,Alexander Isak,0,Alexander,Isak,594,Alexander Isak,True
182438,10d221cd,Daniel-Iversen,Daniel Iversen,0,Daniel,Iversen,548,Daniel Iversen,True
183119,6ca5ec4b,Alex-Iwobi,Alex Iwobi,0,Alex,Iwobi,186,Alex Iwobi,True
183951,c931d9f9,Daniel-James,Daniel Owen James,0,Daniel,James,231,Daniel James,True
184602,1265a93a,Reece-James,Reece James,0,Reece,James,146,Reece James,True
185292,8449d35e,Vitaly-Janelt,Vitaly Janelt,0,Vitaly,Janelt,86,Vitaly Janelt,True
186062,172e52d8,Pontus-Jansson,Pontus Sven Gustav Jansson,0,Pontus,Jansson,78,Pontus Jansson,True
186850,0f134faf,Mathias-Jensen,Mathias Jensen,0,Mathias,Jensen,88,Mathias Jensen,True
187521,b66315ae,Gabriel-Jesus,Gabriel Fernando de Jesus,0,Gabriel,Fernando de Jesus,28,Gabriel Fernando de Jesus,True
189017,b561db50,Raul-Jimenez,Raúl Alonso Jiménez Rodríguez,0,Raúl,Jiménez,476,Raúl Jiménez,True
190557,9319781b,Ben-Johnson,Benjamin Johnson,0,Ben,Johnson,471,Ben Johnson,True
191209,0cd31129,Brennan-Johnson,Brennan Price Johnson,0,Brennan,Johnson,394,Brennan Johnson,True
191651,9e5708be,Sam-Johnstone,Samuel Luke Johnstone,0,Sam,Johnstone,175,Sam Johnstone,True
192619,4fb9c88f,Curtis-Jones,Curtis Jones,0,Curtis,Jones,291,Curtis Jones,True
192969,45db685d,Jorginho,Jorge Luiz Frello Filho,0,Jorge Luiz,Frello Filho,130,Jorge Luiz Frello Filho,True
194151,6ad43f9a,Mateo-Joseph,Mateo Joseph Fernández Regatillo,0,Mateo Joseph,Fernández,659,Mateo Joseph Fernández,True
195395,570bb4b9,Hamed-Junior-Traore,Hamed Junior Traorè,0,Hamed,Traorè,723,Hamed Traorè,True
196437,fb614c44,James-Justin,James Justin,0,James,Justin,268,James Justin,True
198379,15f24fe7,Sasa-Kalajdzic,Sasa Kalajdzic,0,Sasa,Kalajdzic,608,Sasa Kalajdzic,True
198448,cc77354e,Boubacar-Kamara,Boubacar Kamara,0,Boubacar,Kamara,53,Boubacar Kamara,True
199841,21a66f6a,Harry-Kane,Harry Edward Kane,0,Harry,Kane,427,Harry Kane,True
200150,b9fbae28,NGolo-Kante,N'Golo Kanté,0,N'Golo,Kanté,134,N'Golo Kanté,True
201007,c5b7c315,Michael-Keane,Michael Vincent Keane,0,Michael,Keane,180,Michael Keane,True
201828,18b999f4,Neeskens-Kebano,Neeskens Kebano,0,Neeskens,Kebano,204,Neeskens Kebano,True
203014,51dbeea9,Thilo-Kehrer,Thilo Kehrer,0,Thilo,Kehrer,588,Thilo Kehrer,True
204708,f31def1e,Lloyd-Kelly,Lloyd Kelly,0,Lloyd,Kelly,73,Lloyd Kelly,True
206140,d0f72bf1,Max-Kilman,Max Kilman,0,Max,Kilman,484,Max Kilman,True
206203,dc3e663e,Jakub-Kiwior,Jakub Kiwior,0,Jakub,Kiwior,710,Jakub Kiwior,True
207347,282679b4,Mateusz-Klich,Mateusz Klich,0,Mateusz,Klich,223,Mateusz Klich,True
208132,ea6bc03a,Robin-Koch,Robin Koch,0,Robin,Koch,230,Robin Koch,True
208956,5ed9b537,Ibrahima-Konate,Ibrahima Konaté,0,Ibrahima,Konaté,290,Ibrahima Konaté,True
209332,0313a347,Ezri-Konsa,Ezri Konsa Ngoyo,0,Ezri,Konsa Ngoyo,44,Ezri Konsa Ngoyo,True
210283,da974c7b,Kalidou-Koulibaly,Kalidou Koulibaly,0,Kalidou,Koulibaly,520,Kalidou Koulibaly,True
211454,8d3c902d,Cheikhou-Kouyate,Cheikhou Kouyaté,0,Cheikhou,Kouyaté,583,Cheikhou Kouyaté,True
212953,77cf6852,Emil-Krafth,Emil Henry ­Kristoffer Krafth,0,Emil,Krafth,364,Emil Krafth,True
213864,df3cda47,Dejan-Kulusevski,Dejan Kulusevski,0,Dejan,Kulusevski,446,Dejan Kulusevski,True
214301,41e7ef1c,Layvin-Kurzawa,Layvin Kurzawa,0,Layvin,Kurzawa,613,Layvin Kurzawa,True
214885,99813635,Adam-Lallana,Adam David Lallana,0,Adam,Lallana,101,Adam Lallana,True
215672,f4e433d4,Tariq-Lamptey,Tariq Lamptey,0,Tariq,Lamptey,114,Tariq Lamptey,True
216999,26f6dca8,Manuel-Lanzini,Manuel Lanzini,0,Manuel,Lanzini,460,Manuel Lanzini,True
217543,119b9a8e,Aymeric-Laporte,Aymeric Laporte,0,Aymeric,Laporte,309,Aymeric Laporte,True
218497,cf7fb13a,Juan-Larios,Juan Larios,0,Juan,Larios López,622,Juan Larios López,True
219173,450ab6fc,Jamaal-Lascelles,Jamaal Lascelles,0,Jamaal,Lascelles,360,Jamaal Lascelles,True
220026,ecad9aa5,Romeo-Lavia,Roméo Lavia,0,Roméo,Lavia,321,Roméo Lavia,True
220946,0bdda685,Dexter-Lembikisa,Dexter Joeng Woo Lembikisa,0,Dexter,Lembikisa,664,Dexter Lembikisa,True
221726,2b471f99,Mario-Lemina,Mario Lemina,0,Mario,Lemina,698,Mario Lemina,True
222431,4f28a6ff,Clement-Lenglet,Clément Lenglet,0,Clément,Lenglet,513,Clément Lenglet,True
222828,2628fd2b,Bernd-Leno,Bernd Leno,0,Bernd,Leno,2,Bernd Leno,True
223371,9b5ce51a,Jefferson-Lerma,Jefferson Andrés Lerma Solís,0,Jefferson,Lerma Solís,64,Jefferson Lerma Solís,True
224631,efb9215a,Jamal-Lewis,Jamal Lewis,0,Jamal,Lewis,372,Jamal Lewis,True
225339,b57e066e,Rico-Lewis,Rico Lewis,0,Rico,Lewis,573,Rico Lewis,True
225764,41f08ac8,Keane-Lewis-Potter,Keane Lewis-Potter,0,Keane,Lewis-Potter,515,Keane Lewis-Potter,True
226916,f5deef4c,Victor-Lindelof,Victor Jörgen Nilsson Lindelöf,0,Victor,Lindelöf,337,Victor Lindelöf,True
227788,810e3c74,Jesse-Lingard,Jesse Ellis Lingard,0,Jesse,Lingard,527,Jesse Lingard,True
229136,bba30585,Diego-Llorente,Diego Javier Llorente Ríos,0,Diego,Llorente,228,Diego Llorente,True
230181,8f62b6ee,Hugo-Lloris,Hugo Lloris,0,Hugo,Lloris,425,Hugo Lloris,True
230906,ed9f7cfe,Renan-Lodi,Renan Augusto Lodi dos Santos,0,Renan Augusto,Lodi dos Santos,602,Renan Augusto Lodi dos Santos,True
231272,e97fd090,Ruben-Loftus-Cheek,Ruben Ira Loftus-Cheek,0,Ruben,Loftus-Cheek,136,Ruben Loftus-Cheek,True
232409,a2b105e0,Sean-Longstaff,Sean Longstaff,0,Sean,Longstaff,370,Sean Longstaff,True
232704,b2856bc0,Jamal-Lowe,Jamal Akua Lowe,0,Jamal,Lowe,61,Jamal Lowe,True
233452,6f7d826d,Douglas-Luiz,Douglas Luiz Soares de Paulo,0,Douglas Luiz,Soares de Paulo,46,Douglas Luiz Soares de Paulo,True
235599,b5bf1770,Lyanco,Lyanco,0,Lyanco,Silveira Neves Vojnovic,413,Lyanco Silveira Neves Vojnovic,True
235902,83d074ff,Alexis-Mac-Allister,Alexis Mac Allister,0,Alexis,Mac Allister,116,Alexis Mac Allister,True
236855,ee38d9c5,James-Maddison,James Daniel Maddison,0,Daniel,James,231,Daniel James,True
236886,ee38d9c5,James-Maddison,James Daniel Maddison,0,James,Maddison,261,James Maddison,True
237526,bf34eebd,Noni-Madueke,Noni Madueke,0,Noni,Madueke,708,Noni Madueke,True
238579,d8931174,Harry-Maguire,Jacob Harry Maguire,0,Harry,Maguire,330,Harry Maguire,True
239322,892d5bb1,Riyad-Mahrez,Riyad Mahrez,0,Riyad,Mahrez,303,Riyad Mahrez,True
241031,e3a5814e,Ainsley-Maitland-Niles,Ainsley Cory Maitland-Niles,0,Ainsley,Maitland-Niles,21,Ainsley Maitland-Niles,True
241709,6b6c793c,Tyrell-Malacia,Tyrell Johannes Chicco Malacia,0,Tyrell,Malacia,504,Tyrell Malacia,True
242571,a572e291,Orel-Mangala,Orel Mangala,0,Orel,Mangala,536,Orel Mangala,True
243294,758dd7f0,Javier-Manquillo,Javier Manquillo Gaitán,0,Javier,Manquillo Gaitán,363,Javier Manquillo Gaitán,True
245154,4d960fc3,Emiliano-Marcondes,Emiliano Marcondes Camargo Hansen,0,Emiliano,Marcondes,63,Emiliano Marcondes,True
245870,59878425,Marquinhos,Marcus Vinícius Oliveira Alencar,0,Marcus,Oliveira Alencar,27,Marcus Oliveira Alencar,True
247152,8b788c01,Anthony-Martial,Anthony Martial,0,Anthony,Martial,345,Anthony Martial,True
247419,48a5a5d6,Gabriel-Martinelli,Gabriel Teodoro Martinelli Silva,0,Gabriel,Martinelli Silva,19,Gabriel Martinelli Silva,True
249491,bac46a10,Lisandro-Martinez,Lisandro Martínez,0,Lisandro,Martínez,533,Lisandro Martínez,True
250434,feb5d972,Pape-Matar-Sarr,Pape Matar Sarr,0,Pape Matar,Sarr,450,Pape Matar Sarr,True
250772,50e6dc35,Jean-Philippe-Mateta,Jean-Philippe Mateta,0,Jean-Philippe,Mateta,168,Jean-Philippe Mateta,True
252350,4bcf39f6,Neal-Maupay,Neal Maupay,0,Neal,Maupay,110,Neal Maupay,True
253197,493924a7,Kevin-Mbabu,Melingo Kevin Mbabu,0,Kevin,Mbabu,532,Kevin Mbabu,True
253765,6afaebf2,Bryan-Mbeumo,Bryan Mbeumo,0,Bryan,Mbeumo,95,Bryan Mbeumo,True
254649,cee31595,James-McArthur,James McArthur,0,James,McArthur,154,James McArthur,True
255816,36c2ca73,Alex-McCarthy,Alex Simon McCarthy,0,Alex,McCarthy,401,Alex McCarthy,True
256005,90f91999,John-McGinn,John McGinn,0,John,McGinn,37,John McGinn,True
257330,4e5a4cbc,Scott-McKenna,Scott McKenna,0,Scott,McKenna,385,Scott McKenna,True
257951,01c3aff5,Weston-McKennie,Weston James Earl McKennie,0,Weston,McKennie,720,Weston McKennie,True
258600,fc15fb84,Dwight-McNeil,Dwight McNeil,0,Dwight,McNeil,534,Dwight McNeil,True
259593,d93c2511,Scott-McTominay,Scott McTominay,0,Scott,McTominay,338,Scott McTominay,True
259998,8df7a2fb,Ben-Mee,Benjamin Thomas Mee,0,Ben,Mee,526,Ben Mee,True
260847,33887998,Edouard-Mendy,Edouard Mendy,0,Edouard,Mendy,147,Edouard Mendy,True
261773,1598599e,Nampalys-Mendy,Nampalys Mendy,0,Nampalys,Mendy,252,Nampalys Mendy,True
262278,fed96827,Chris-Mepham,Chris Mepham,0,Chris,Mepham,71,Chris Mepham,True
263377,6b625ac2,Illan-Meslier,Illan Stéphane Meslier,0,Illan,Meslier,238,Illan Meslier,True
265098,2c6835e5,Lewis-Miley,Lewis Miley,0,Lewis,Miley,741,Lewis Miley,True
266512,2f90f6b8,James-Milner,James Philip Milner,0,James,Milner,274,James Milner,True
267145,6d5701f2,Yerry-Mina,Yerry Fernando Mina Gonzalez,0,Yerry,Mina,188,Yerry Mina,True
267677,8397a50c,Tyrone-Mings,Tyrone Deon Mings,0,Tyrone,Mings,39,Tyrone Mings,True
268668,5cbd1eb0,Tyrick-Mitchell,Tyrick Mitchell,0,Tyrick,Mitchell,170,Tyrick Mitchell,True
269364,74618572,Kaoru-Mitoma,Kaoru Mitoma,0,Kaoru,Mitoma,124,Kaoru Mitoma,True
270827,01ce9e70,Kieffer-Moore,Kieffer Roberto Francisco Moore,0,Kieffer,Moore,62,Kieffer Moore,True
271709,c4720845,Andrew-Moran,Andrew Moran,0,Andrew,Moran,651,Andrew Moran,True
272369,16e9d0ea,Alex-Moreno,Alexandre Moreno Lopera,0,Alexandre,Moreno Lopera,694,Alexandre Moreno Lopera,True
273290,9674002f,Mason-Mount,Mason Mount,0,Mason,Mount,142,Mason Mount,True
274533,2b622f01,Lucas-Moura,Lucas Rodrigues Moura da Silva,0,Lucas,Rodrigues Moura da Silva,431,Lucas Rodrigues Moura da Silva,True
276148,92868cb5,Divin-Mubama,Divin Mubama,0,Divin,Mubama,669,Divin Mubama,True
276424,049a888d,Mykhailo-Mudryk,Mykhailo Mudryk,0,Mykhailo,Mudryk,699,Mykhailo Mudryk,True
277528,de112b84,Jacob-Murphy,Jacob Kai Murphy,0,Jacob,Murphy,365,Jacob Murphy,True
277916,1d5cab82,Enock-Mwepu,Enock Mwepu,0,Enock,Mwepu,118,Enock Mwepu,True
279927,ecada4fc,Keylor-Navas,Keylor Antonio Navas Gamboa,0,Keylor,Navas,729,Keylor Navas,True
280458,6b47c5db,Wilfred-Ndidi,Onyinye Wilfred Ndidi,0,Wilfred,Ndidi,265,Wilfred Ndidi,True
280876,c5bdb6e3,Reiss-Nelson,Reiss Nelson,0,Reiss,Nelson,23,Reiss Nelson,True
281740,a9dc785c,Neto,Norberto Murara Neto,0,Norberto,Murara Neto,574,Norberto Murara Neto,True
283164,7ba2eaa9,Pedro-Neto,Pedro Neto,0,Pedro,Lomba Neto,486,Pedro Lomba Neto,True
283936,44bfb6c5,Ruben-Neves,Rúben Diogo da Silva Neves,0,Rúben,da Silva Neves,480,Rúben da Silva Neves,True
287070,e6af02e0,Matheus-Nunes,Matheus Luiz Nunes,0,Matheus Luiz,Nunes,589,Matheus Luiz Nunes,True
287540,4d77b365,Darwin-Nunez,Darwin Núñez,0,Darwin,Núñez Ribeiro,297,Darwin Núñez Ribeiro,True
287888,7f94982c,Ethan-Nwaneri,Ethan Chidiebere Nwaneri,0,Ethan,Nwaneri,630,Ethan Nwaneri,True
288759,df0a4c90,Christian-Norgaard,Christian Thers Nørgaard,0,Christian,Nørgaard,79,Christian Nørgaard,True
290027,089667a5,Lewis-OBrien,Lewis O'Brien,0,Lewis,O'Brien,524,Lewis O'Brien,True
290386,65c3efa2,Odeluga-Offiah,Odeluga Joshua Offiah,0,Odeluga,Offiah,736,Odeluga Offiah,True
291684,74b2cd7e,Angelo-Ogbonna,Angelo Obinze Ogbonna,0,Angelo,Ogbonna,456,Angelo Ogbonna,True
292009,c4486bac,Michael-Olise,Michael Olise,0,Michael,Olise,171,Michael Olise,True
292569,e7ee38c3,Robin-Olsen,Robin Patrick Olsen,0,Robin,Olsen,35,Robin Olsen,True
293614,828657ff,Amadou-Onana,Amadou Zeund Georges Ba Mvom Onana,0,Amadou,Onana,577,Amadou Onana,True
294422,6612cd8c,Josh-Onomah,Joshua Onomah,0,Josh,Onomah,216,Josh Onomah,True
295529,c06d1086,Paul-Onuachu,Ebere Paul Onuachu,0,Paul,Onuachu,732,Paul Onuachu,True
295775,2944f86f,Frank-Onyeka,Ogochukwu Frank Onyeka,0,Frank,Onyeka,93,Frank Onyeka,True
297690,c1242d4e,Stefan-Ortega,Stefan Ortega Moreno,0,Stefan,Ortega Moreno,324,Stefan Ortega Moreno,True
298086,2f9e4435,Dango-Ouattara,Dango Aboubacar Faissal Ouattara,0,Dango,Ouattara,705,Dango Ouattara,True
299192,38c7feef,Alex-Oxlade-Chamberlain,Alexander Mark David Oxlade-Chamberlain,0,Alex,Oxlade-Chamberlain,278,Alex Oxlade-Chamberlain,True
299805,d00d45ab,David-Ozoh,David Ozoh,0,David,Ozoh,676,David Ozoh,True
300650,a78ff07f,Joao-Palhinha,João Maria Lobo Alves Palhinha Gonçalves,0,João,Palhinha Gonçalves,220,João Palhinha Gonçalves,True
301573,dc7f8a28,Cole-Palmer,Cole Palmer,0,Cole,Palmer,316,Cole Palmer,True
302594,e0bc6fdc,Emerson-Palmieri,Emerson Palmieri dos Santos,0,Emerson,Palmieri dos Santos,545,Emerson Palmieri dos Santos,True
303423,529f49ab,Thomas-Partey,Thomas Teye Partey,0,Thomas,Partey,6,Thomas Partey,True
304497,230f0471,Nathan-Patterson,Nathan Patterson,0,Nathan,Patterson,197,Nathan Patterson,True
305065,a6b461e7,Ben-Pearson,Benjamin David Pearson,0,Ben,Pearson,68,Ben Pearson,True
306281,ac7e7b1c,Facundo-Pellistri,Facundo Pellistri Rebollo,0,Facundo,Pellistri Rebollo,347,Facundo Pellistri Rebollo,True
306876,6639e500,Andreas-Pereira,Andreas Hugo Hoelgebaum Pereira,0,Andreas,Hoelgebaum Pereira,346,Andreas Hoelgebaum Pereira,True
307679,75a72a99,Ricardo-Pereira,Ricardo Domingos Barbosa Pereira,0,Ricardo,Barbosa Pereira,256,Ricardo Barbosa Pereira,True
308461,819aa8e7,Ayoze-Perez,Ayoze Pérez Gutiérrez,0,Ayoze,Pérez,260,Ayoze Pérez,True
309560,6fe90922,Ivan-Perisic,Ivan Perišić,0,Ivan,Perišić,448,Ivan Perišić,True
310291,6dfd8f05,Romain-Perraud,Romain Perraud,0,Romain,Perraud,417,Romain Perraud,True
310924,53552942,Maximo-Perrone,Máximo Perrone,0,Máximo,Perrone,712,Máximo Perrone,True
311394,0bdeb013,Cameron-Peupion,Cameron Paul Jacques Peupion,0,Cameron,Peupion,762,Cameron Peupion,True
312473,4f565d77,Kalvin-Phillips,Kalvin Phillips,0,Kalvin,Phillips,325,Kalvin Phillips,True
313220,515ebe8d,Nathaniel-Phillips,Nathaniel Phillips,0,Nathaniel,Phillips,501,Nathaniel Phillips,True
313819,4806ec67,Jordan-Pickford,Jordan Lee Pickford,0,Jordan,Pickford,182,Jordan Pickford,True
314446,e541326e,Ethan-Pinnock,Ethan Pinnock,0,Ethan,Pinnock,92,Ethan Pinnock,True
315837,7fcc71d8,Daniel-Podence,Daniel Castelo Podence,0,Daniel,Castelo Podence,483,Daniel Castelo Podence,True
317351,27d0a506,Pedro-Porro,Pedro Antonio Porro Sauceda,0,Pedro,Porro,733,Pedro Porro,True
317811,86695068,Dennis-Praet,Dennis Pierre Jacques Albert Praet,0,Dennis,Praet,549,Dennis Praet,True
318516,b9403c99,Isaac-Price,Isaac Price,0,Isaac,Price,678,Isaac Price,True
319190,1bf33a9a,Christian-Pulisic,Christian Mate Pulisic,0,Christian,Pulisic,140,Christian Pulisic,True
319770,466fb2c5,Aaron-Ramsdale,Aaron Ramsdale,0,Aaron,Ramsdale,15,Aaron Ramsdale,True
320589,1544f145,Jacob-Ramsey,Jacob Ramsey,0,Jacob,Ramsey,47,Jacob Ramsey,True
321830,a1d5bd30,Marcus-Rashford,Marcus Rashford,0,Marcus,Rashford,335,Marcus Rashford,True
323193,28b40c9c,Tim-Ream,Timothy Ream,0,Tim,Ream,201,Tim Ream,True
324282,ab651565,Nathan-Redmond,Nathan Daniel Jerome Redmond,0,Nathan,Redmond,403,Nathan Redmond,True
324759,803ae100,Harrison-Reed,Harrison James Reed,0,Harrison,Reed,211,Harrison Reed,True
326704,1c7012b8,Declan-Rice,Declan Rice,0,Declan,Rice,467,Declan Rice,True
327027,0a3d6d2b,Chris-Richards,Christopher Jeffrey Richards,0,Chris,Richards,530,Chris Richards,True
328238,fa031b34,Richarlison,Richarlison,0,Richarlison,de Andrade,454,Richarlison de Andrade,True
329640,71ef519e,Matt-Ritchie,Matthew Thomas Ritchie,0,Matt,Ritchie,350,Matt Ritchie,True
330318,2e4f5f03,Andrew-Robertson,Andrew Robertson,0,Andrew,Robertson,284,Andrew Robertson,True
330989,289601e6,Antonee-Robinson,Antonee Robinson,0,Antonee,Robinson,217,Antonee Robinson,True
331855,cda0b317,Joel-Robles,Joel Robles Blázquez,0,Joel,Robles,578,Joel Robles,True
332626,da27e268,Marc-Roca,Marc Roca Junqué,0,Marc,Roca Junqué,245,Marc Roca Junqué,True
333319,17acc2ed,Marek-Rodak,Marek Rodák,0,Marek,Rodák,213,Marek Rodák,True
334941,1fb1c435,Rodrigo,Rodrigo Moreno Machado,0,Rodrigo,Moreno,225,Rodrigo Moreno,True
335450,57c94db2,Mads-Roerslev,Mads Roerslev,0,Mads,Roerslev Rasmussen,90,Mads Roerslev Rasmussen,True
336785,a3d94a58,Cristian-Romero,Cristian Romero,0,Cristian,Romero,443,Cristian Romero,True
337507,4b511457,Oriol-Romeu,Oriol Romeu Vidal,0,Oriol,Romeu Vidal,402,Oriol Romeu Vidal,True
338159,dea698d9,Cristiano-Ronaldo,Cristiano Ronaldo dos Santos Aveiro,0,Cristiano Ronaldo,dos Santos Aveiro,326,Cristiano Ronaldo dos Santos Aveiro,True
339193,1b804500,Connor-Ronan,Connor Ronan,0,Connor,Ronan,567,Connor Ronan,True
339488,b318a643,Salomon-Rondon,José Salomón Rondón,0,Salomón,Rondón,177,Salomón Rondón,True
341196,c64c01fc,Georginio-Rutter,Georginio Rutter,0,Georginio,Rutter,700,Georginio Rutter,True
342285,903b6e8b,Jose-Sa,José Pedro Malheiro de Sá,0,José,Malheiro de Sá,478,José Malheiro de Sá,True
342863,e280527c,Marcel-Sabitzer,Marcel Sabitzer,0,Marcel,Sabitzer,728,Marcel Sabitzer,True
343661,2b16cb1a,Allan-Saint-Maximin,Allan Saint-Maximin,0,Allan,Saint-Maximin,368,Allan Saint-Maximin,True
343886,bc7dc64d,Bukayo-Saka,Bukayo Ayoyinka T.M. Saka,0,Bukayo,Saka,13,Bukayo Saka,True
345099,e342ad68,Mohamed-Salah,Mohamed Salah Ghaly,0,Mohamed,Salah,283,Mohamed Salah,True
345453,972aeb2a,William-Saliba,William Saliba,0,William,Saliba,26,William Saliba,True
346860,0b33f6ad,Mohammed-Salisu,Mohammed Salisu,0,Mohammed,Salisu,420,Mohammed Salisu,True
347228,1b4f1169,Albert-Sambi-Lokonga,Albert Sambi Lokonga,0,Albert,Sambi Lokonga,18,Albert Sambi Lokonga,True
348447,da7b447d,Davinson-Sanchez,Davinson Sánchez,0,Davinson,Sánchez,435,Davinson Sánchez,True
348709,6a713852,Robert-Sanchez,Robert Lynch Sánchez,0,Robert,Sánchez,113,Robert Sánchez,True
349843,dbf053da,Jadon-Sancho,Jadon Sancho,0,Jadon,Sancho,340,Jadon Sancho,True
350142,6e7f1353,Morgan-Sanson,Morgan Sanson,0,Morgan,Sanson,36,Morgan Sanson,True
351653,9744ff80,Pablo-Sarabia,Pablo Sarabia García,0,Pablo,Sarabia,704,Pablo Sarabia,True
351827,ac0d576d,Jeremy-Sarmiento,Jeremy Leonel Sarmiento Morante,0,Jeremy,Sarmiento Morante,119,Jeremy Sarmiento Morante,True
353163,8790f988,Gianluca-Scamacca,Gianluca Scamacca,0,Gianluca,Scamacca,529,Gianluca Scamacca,True
353835,2964fd20,Gustavo-Scarpa,Gustavo Scarpa,0,Gustavo Henrique,Furtado Scarpa,681,Gustavo Henrique Furtado Scarpa,True
354145,52afb588,Kevin-Schade,Kevin Schade,0,Kevin,Schade,688,Kevin Schade,True
355329,c8aa95da,Fabian-Schar,Fabian Lukas Schär,0,Fabian,Schär,366,Fabian Schär,True
355796,3312f911,Jeffrey-Schlupp,Jeffrey Schlupp,0,Jeffrey,Schlupp,161,Jeffrey Schlupp,True
357070,d04b94db,Nelson-Semedo,Nélson Cabral Semedo,0,Nélson,Cabral Semedo,482,Nélson Cabral Semedo,True
357216,efd2ec23,Antoine-Semenyo,Antoine Serlom Semenyo,0,Antoine,Semenyo,714,Antoine Semenyo,True
357985,35141f4c,Marcos-Senesi,Marcos Nicolás Senesi Barón,0,Marcos,Senesi,576,Marcos Senesi,True
359340,6aa3e78b,Ryan-Sessegnon,Ryan Sessegnon,0,Ryan,Sessegnon,436,Ryan Sessegnon,True
359949,9c94165b,Luke-Shaw,Luke Paul Hoare Shaw,0,Luke,Shaw,332,Luke Shaw,True
360795,3727dd3c,Jonjo-Shelvey,Jonjo Shelvey,0,Jonjo,Shelvey,349,Jonjo Shelvey,True
361475,3eb22ec9,Bernardo-Silva,Bernardo Mota Veiga de Carvalho e Silva,0,Bernardo,Veiga de Carvalho e Silva,311,Bernardo Veiga de Carvalho e Silva,True
361969,86e7deaf,Thiago-Silva,Thiago Emiliano da Silva,0,Thiago,Emiliano da Silva,128,Thiago Emiliano da Silva,True
362863,26d3b5be,Ellis-Simms,Ellis Simms,0,Ellis,Simms,686,Ellis Simms,True
363750,8e16dd48,Luis-Sinisterra,Luis Sinisterra,0,Luis,Sinisterra Lucumí,508,Luis Sinisterra Lucumí,True
364791,6250083a,Oliver-Skipp,Oliver William Skipp,0,Oliver,Skipp,441,Oliver Skipp,True
364960,20b104bc,Adam-Smith,Adam James Smith,0,Adam,Smith,57,Adam Smith,True
365669,17695062,Emile-Smith-Rowe,Emile Smith Rowe,0,Emile,Smith Rowe,12,Emile Smith Rowe,True
366757,839c14e1,Cedric-Soares,Cédric Ricardo Alves Soares,0,Cédric,Alves Soares,1,Cédric Alves Soares,True
367303,e77dc3b2,Dominic-Solanke,Dominic Ayodele Solanke-Mitchell,0,Dominic,Solanke,66,Dominic Solanke,True
369932,ae59b359,Boubakary-Soumare,Boubakary Soumaré,0,Boubakary,Soumaré,269,Boubakary Soumaré,True
370723,0a6cb1b1,Harry-Souttar,Harry Souttar,0,Harry,Souttar,727,Harry Souttar,True
372586,9bc9a519,Djed-Spence,Djed Spence,0,Djed,Spence,522,Djed Spence,True
372748,558807c0,Jack-Stacey,Jack William Stacey,0,Jack,Stacey,65,Jack Stacey,True
373519,6992791d,Junior-Stanislas,Felix Junior Stanislas,0,Junior,Stanislas,58,Junior Stanislas,True
375154,28300a16,Jason-Steele,Jason Sean Steele,0,Jason,Steele,102,Jason Steele,True
375873,6adbc307,Jack-Stephens,Jack Stephens,0,Jack,Stephens,404,Jack Stephens,True
376774,b400bde0,Raheem-Sterling,Raheem Shaquille Sterling,0,Raheem,Sterling,304,Raheem Sterling,True
377805,5eecec3d,John-Stones,John Stones,0,John,Stones,302,John Stones,True
378518,f4d296e4,Pascal-Struijk,Pascal Struijk,0,Pascal,Struijk,235,Pascal Struijk,True
379552,a62f8bf1,Kamaldeen-Sulemana,Kamaldeen Sulemana,0,Kamaldeen,Sulemana,731,Kamaldeen Sulemana,True
380079,df04eb4b,Crysencio-Summerville,Crysencio Summerville,0,Crysencio,Summerville,240,Crysencio Summerville,True
381038,b017b770,Sam-Surridge,Sam Surridge,0,Sam,Surridge,391,Sam Surridge,True
381905,e9971f2d,Japhet-Tanganga,Japhet Tanganga,0,Japhet,Tanganga,439,Japhet Tanganga,True
382560,e514ab62,Matt-Targett,Matthew Robert Targett,0,Matt,Targett,367,Matt Targett,True
383077,15ea812b,James-Tarkowski,James Alan Tarkowski,0,James,Tarkowski,199,James Tarkowski,True
383655,5c0da4a4,Marcus-Tavernier,Marcus Tavernier,0,Marcus,Tavernier,535,Marcus Tavernier,True
384726,7120a04d,Tete,Mateus Cardoso Lemos Martins,0,Mateus,Cardoso Lemos Martins,715,Mateus Cardoso Lemos Martins,True
385447,77d7c96f,Kenny-Tete,Kenny Tete,0,Kenny,Tete,215,Kenny Tete,True
386271,fc027d02,Luke-Thomas,Luke Jonathan Thomas,0,Luke,Thomas,270,Luke Thomas,True
387038,56f7a928,Youri-Tielemans,Youri Tielemans,0,Youri,Tielemans,259,Youri Tielemans,True
387449,fce2302c,Kieran-Tierney,Kieran Tierney,0,Kieran,Tierney,8,Kieran Tierney,True
388832,a105d46a,Harry-Toffolo,Harry Stefano Toffolo,0,Harry,Toffolo,523,Harry Toffolo,True
390020,e7ca0439,James-Tomkins,James Oliver Charles Tomkins,0,James,Tomkins,153,James Tomkins,True
390678,e09f279b,Ivan-Toney,Ivan Benjamin Elijah Toney,0,Ivan,Toney,80,Ivan Toney,True
392089,9a28eba4,Adama-Traore,Adama Traoré Diarra,0,Adama,Traoré Diarra,491,Adama Traoré Diarra,True
392152,c47541e0,Bertrand-Traore,Bertrand Isidore Traoré,0,Bertrand,Traoré,34,Bertrand Traoré,True
393659,999ceb5f,Boubacar-Traore,Boubacar Traoré,0,Boubacar,Traoré,629,Boubacar Traoré,True
393761,fe558029,Mark-Travers,Mark Travers,0,Mark,Travers,72,Mark Travers,True
394998,21512407,Kieran-Trippier,Kieran John Trippier,0,Kieran,Trippier,357,Kieran Trippier,True
395248,38ceb24a,Leandro-Trossard,Leandro Trossard,0,Leandro,Trossard,111,Leandro Trossard,True
396456,f315ca93,Kostas-Tsimikas,Konstantinos Tsimikas,0,Konstantinos,Tsimikas,292,Konstantinos Tsimikas,True
396955,dd549382,Deniz-Undav,Deniz Undav,0,Deniz,Undav,123,Deniz Undav,True
398778,e06683ca,Virgil-van-Dijk,Virgil van Dijk,0,Virgil,van Dijk,280,Virgil van Dijk,True
399624,9f8e9423,Raphael-Varane,Raphaël Xavier Varane,0,Raphaël,Varane,329,Raphaël Varane,True
400260,45963054,Jamie-Vardy,Jamie Richard Vardy,0,Jamie,Vardy,255,Jamie Vardy,True
400834,dad4b285,Joel-Veltman,Joël Ivo Veltman,0,Joël,Veltman,109,Joël Veltman,True
402341,08eb3b58,Matias-Vina,Matías Viña,0,Matías,Viña,718,Matías Viña,True
403307,b937e490,Ruben-Vinagre,Rúben Vinagre,0,Rúben,Nascimento Vinagre,531,Rúben Nascimento Vinagre,True
405191,1ecb65be,Theo-Walcott,Theo James Walcott,0,Theo,Walcott,400,Theo Walcott,True
405810,86dd77d1,Kyle-Walker,Kyle Andrew Walker,0,Kyle,Walker,299,Kyle Walker,True
406588,984a5a64,Kyle-Walker-Peters,Kyle Walker-Peters,0,Kyle,Walker,299,Kyle Walker,True
406755,984a5a64,Kyle-Walker-Peters,Kyle Walker-Peters,0,Kyle,Walker-Peters,409,Kyle Walker-Peters,True
407416,9e525177,Aaron-Wan-Bissaka,Aaron Wan-Bissaka,0,Aaron,Wan-Bissaka,341,Aaron Wan-Bissaka,True
408039,d3ce0e89,Danny-Ward,Danny Ward,0,Danny,Ward,254,Danny Ward,True
408695,8a7ff278,Joel-Ward,Joel Edward Philip Ward,0,Joel,Ward,156,Joel Ward,True
409865,3515d404,James-Ward-Prowse,James Michael Edward Ward-Prowse,0,James,Ward-Prowse,407,James Ward-Prowse,True
410947,c40b6180,Adam-Webster,Adam Harry Webster,0,Adam,Webster,108,Adam Webster,True
412104,c4e87b8b,Wout-Weghorst,Wout François Maria Weghorst,0,Wout,Weghorst,701,Wout Weghorst,True
413125,35e413f1,Ben-White,Ben White,0,Benjamin,White,10,Benjamin White,True
414591,4d90ce8c,Harvey-White,Harvey White,0,Harvey,White,449,Harvey White,True
416032,dd323728,Neco-Williams,Neco Shay Williams,0,Neco,Williams,295,Neco Williams,True
416582,8b9ebd03,Willian,Willian Borges da Silva,0,Willian,Borges da Silva,614,Willian Borges da Silva,True
417576,a3b03921,Joe-Willock,Joe Willock,0,Joe,Willock,373,Joe Willock,True
418337,c596fcb0,Callum-Wilson,Callum Eddie Graham Wilson,0,Callum,Wilson,356,Callum Wilson,True
418898,c6dc9ecd,Harry-Wilson,Harry Wilson,0,Harry,Wilson,212,Harry Wilson,True
419473,2500cef9,Yoane-Wissa,Yoane Wissa,0,Yoane,Wissa,89,Yoane Wissa,True
420551,4b803b3c,Maximilian-Wober,Maximilian Wöber,0,Maximilian,Wöber,691,Maximilian Wöber,True
421480,4e9a0555,Chris-Wood,Christopher Grant Wood,0,Chris,Wood,354,Chris Wood,True
422269,a5212312,Joe-Worrall,Joe Worrall,0,Joe,Worrall,388,Joe Worrall,True
422454,e61b8aee,Granit-Xhaka,Granit Xhaka,0,Granit,Xhaka,3,Granit Xhaka,True
423824,c1fe2a48,Ryan-Yates,Ryan Yates,0,Ryan,Yates,387,Ryan Yates,True
424075,be927d03,Ashley-Young,Ashley Simon Young,0,Ashley,Young,538,Ashley Young,True
424904,88968486,Illia-Zabarnyi,Illia Zabarnyi,0,Illia,Zabarnyi,722,Illia Zabarnyi,True
425815,b2bc3b1f,Wilfried-Zaha,Dazet Wilfried Armel Zaha,0,Wilfried,Zaha,160,Wilfried Zaha,True
426569,384d58d9,Denis-Zakaria,Denis Zakaria,0,Denis,Zakaria,616,Denis Zakaria,True
427219,e8271ad9,Jordan-Zemura,Jordan Zemura,0,Jordan,Zemura,76,Jordan Zemura,True
428883,6622454d,Hakim-Ziyech,'Hakim Ziyech',0,Hakim,Ziyech,135,Hakim Ziyech,True
430172,ce4246f5,Kurt-Zouma,Kurt Happy Zouma,0,Kurt,Zouma,461,Kurt Zouma,True
430238,79300479,Martin-Odegaard,Martin Ødegaard,0,Martin,Ødegaard,7,Martin Ødegaard,True
